2004.01.23 09:30:00,3.18,3.22,3.2,3.18,31178,1095,3.20328571
2004.01.23 10:00:00,3.2,3.25,3.23,3.2,46228,1642,3.23171429
2004.01.23 11:00:00,3.23,3.23,3.23,3.21,32627,1075,3.22242857
2004.01.23 12:00:00,3.23,3.24,3.22,3.21,40201,1456,3.22757143
2004.01.23 13:00:00,3.22,3.23,3.21,3.21,14798,778,3.218
2004.01.23 14:00:00,3.21,3.22,3.21,3.2,29540,1014,3.21342857
2004.01.23 15:00:00,3.21,3.24,3.23,3.2,74326,2752,3.22142857
2004.01.26 09:30:00,3.21,3.25,3.24,3.2,32641,1093,3.23057143
2004.01.26 10:00:00,3.24,3.25,3.24,3.22,52325,1872,3.235
2004.01.26 11:00:00,3.24,3.26,3.25,3.24,42224,1211,3.25028571
2004.01.26 12:00:00,3.25,3.28,3.25,3.25,31941,1175,3.26357143
2004.01.26 13:00:00,3.25,3.27,3.27,3.25,27685,888,3.265
2004.01.26 14:00:00,3.27,3.28,3.28,3.26,40817,1422,3.27171429
2004.01.26 15:00:00,3.28,3.29,3.29,3.28,89453,2712,3.28514286
2004.01.27 09:30:00,3.29,3.3,3.29,3.28,23891,881,3.28871429
2004.01.27 10:00:00,3.29,3.31,3.28,3.26,53935,1521,3.28757143
2004.01.27 11:00:00,3.28,3.29,3.29,3.27,41958,1278,3.27985714
2004.01.27 12:00:00,3.29,3.29,3.29,3.27,45948,1558,3.28142857
2004.01.27 13:00:00,3.29,3.31,3.31,3.29,58114,1396,3.29442857
2004.01.27 14:00:00,3.31,3.32,3.31,3.29,56896,1800,3.30557143
2004.01.27 15:00:00,3.31,3.31,3.29,3.27,62132,2460,3.29085714
2004.01.28 09:30:00,3.26,3.32,3.29,3.26,23548,1007,3.29685714
2004.01.28 10:00:00,3.29,3.32,3.29,3.28,29281,1260,3.29514286
2004.01.28 11:00:00,3.29,3.34,3.33,3.29,68404,2723,3.32128571
2004.01.28 12:00:00,3.33,3.33,3.32,3.31,22512,849,3.32242857
2004.01.28 13:00:00,3.32,3.32,3.31,3.31,14924,642,3.31428571
2004.01.28 14:00:00,3.31,3.32,3.26,3.23,73395,3901,3.26614286
2004.01.28 15:00:00,3.26,3.28,3.21,3.2,94661,3572,3.228
2004.02.02 09:30:00,3.22,3.24,3.21,3.21,41482,1129,3.22685714
2004.02.02 10:00:00,3.21,3.23,3.21,3.18,71799,2099,3.20014286
2004.02.02 11:00:00,3.21,3.26,3.26,3.18,41160,1899,3.21371429
2004.02.02 12:00:00,3.26,3.26,3.24,3.22,23898,1378,3.24371429
2004.02.02 13:00:00,3.24,3.24,3.22,3.22,25585,1162,3.23157143
2004.02.02 14:00:00,3.22,3.23,3.23,3.21,34314,1143,3.22071429
2004.02.02 15:00:00,3.22,3.23,3.19,3.16,83489,3585,3.18385714
2004.02.03 09:30:00,3.18,3.2,3.17,3.16,24528,1007,3.17428571
2004.02.03 10:00:00,3.17,3.19,3.16,3.14,53417,2459,3.16114286
2004.02.03 11:00:00,3.16,3.17,3.17,3.15,26068,1362,3.16357143
2004.02.03 12:00:00,3.17,3.19,3.19,3.16,24738,858,3.17357143
2004.02.03 13:00:00,3.19,3.19,3.19,3.17,17066,691,3.18228571
2004.02.03 14:00:00,3.18,3.19,3.18,3.16,28322,1179,3.17457143
2004.02.03 15:00:00,3.18,3.19,3.18,3.16,38822,1762,3.17657143
2004.02.04 09:30:00,3.15,3.15,3.14,3.12,45479,1377,3.14114286
2004.02.04 10:00:00,3.14,3.16,3.12,3.12,46963,1778,3.13757143
2004.02.04 11:00:00,3.12,3.13,3.12,3.11,30303,1255,3.11614286
2004.02.04 12:00:00,3.11,3.13,3.12,3.11,28049,933,3.11885714
2004.02.04 13:00:00,3.11,3.13,3.13,3.11,34699,1385,3.12657143
2004.02.04 14:00:00,3.13,3.13,3.11,3.1,60522,2743,3.11642857
2004.02.04 15:00:00,3.11,3.13,3.11,3.1,106470,3481,3.11528571
2004.02.05 09:30:00,3.12,3.2,3.15,3.12,41538,1313,3.146
2004.02.05 10:00:00,3.15,3.16,3.15,3.14,47446,1550,3.15085714
2004.02.05 11:00:00,3.15,3.17,3.16,3.14,32291,1036,3.15471429
2004.02.05 12:00:00,3.17,3.2,3.2,3.16,53634,1370,3.17985714
2004.02.05 13:00:00,3.2,3.22,3.22,3.2,54733,1382,3.21142857
2004.02.05 14:00:00,3.22,3.24,3.19,3.18,47957,1465,3.22128571
2004.02.05 15:00:00,3.18,3.27,3.21,3.18,114800,2821,3.21314286
2004.02.06 09:30:00,3.21,3.26,3.22,3.2,24101,1107,3.22785714
2004.02.06 10:00:00,3.22,3.27,3.25,3.22,39823,1789,3.25228571
2004.02.06 11:00:00,3.25,3.25,3.25,3.24,15631,744,3.24871429
2004.02.06 12:00:00,3.25,3.25,3.24,3.23,27825,796,3.24285714
2004.02.06 13:00:00,3.24,3.25,3.24,3.24,20146,894,3.24357143
2004.02.06 14:00:00,3.24,3.25,3.24,3.23,37044,1034,3.24085714
2004.02.06 15:00:00,3.24,3.25,3.25,3.23,48209,1830,3.24314286
2004.02.11 09:30:00,3.3,3.36,3.35,3.29,51723,1509,3.33214286
2004.02.11 10:00:00,3.35,3.38,3.37,3.33,85414,2849,3.36114286
2004.02.11 11:00:00,3.37,3.4,3.37,3.36,63357,2471,3.37728571
2004.02.11 12:00:00,3.37,3.4,3.39,3.37,35679,1499,3.38742857
2004.02.11 13:00:00,3.39,3.41,3.39,3.38,44849,1522,3.39128571
2004.02.11 14:00:00,3.4,3.41,3.4,3.39,44002,1544,3.399
2004.02.11 15:00:00,3.4,3.41,3.4,3.39,95501,2862,3.401
2004.02.12 09:30:00,3.39,3.41,3.39,3.37,37618,1180,3.385
2004.02.12 10:00:00,3.4,3.43,3.41,3.4,46830,1394,3.41342857
2004.02.12 11:00:00,3.41,3.42,3.4,3.4,25011,1047,3.40957143
2004.02.12 12:00:00,3.4,3.41,3.4,3.39,20951,867,3.40028571
2004.02.12 13:00:00,3.4,3.42,3.41,3.4,24514,1108,3.40628571
2004.02.12 14:00:00,3.41,3.42,3.42,3.4,22022,1022,3.41214286
2004.02.12 15:00:00,3.42,3.42,3.39,3.39,42994,1596,3.40742857
2004.02.13 09:30:00,3.4,3.44,3.41,3.37,66535,1750,3.41642857
2004.02.13 10:00:00,3.41,3.42,3.31,3.26,76559,3312,3.32814286
2004.02.13 11:00:00,3.31,3.32,3.32,3.29,36589,1601,3.31142857
2004.02.13 12:00:00,3.32,3.34,3.32,3.31,31528,1657,3.32428571
2004.02.13 13:00:00,3.32,3.33,3.3,3.3,44289,1385,3.31614286
2004.02.13 14:00:00,3.31,3.31,3.29,3.29,41188,1006,3.298
2004.02.13 15:00:00,3.29,3.3,3.28,3.28,67109,1834,3.29114286
2004.02.17 09:30:00,3.31,3.36,3.32,3.3,49728,1301,3.32885714
2004.02.17 10:00:00,3.32,3.33,3.31,3.3,32501,1098,3.31528571
2004.02.17 11:00:00,3.31,3.33,3.32,3.31,19971,795,3.31828571
2004.02.17 12:00:00,3.32,3.34,3.34,3.32,14021,671,3.333
2004.02.17 13:00:00,3.34,3.34,3.33,3.31,18522,732,3.32928571
2004.02.17 14:00:00,3.33,3.34,3.33,3.32,24325,1066,3.32885714
2004.02.17 15:00:00,3.33,3.33,3.31,3.31,35630,1586,3.32114286
2004.02.18 09:30:00,3.3,3.31,3.31,3.29,43540,1250,3.30157143
2004.02.18 10:00:00,3.31,3.35,3.32,3.31,40145,1413,3.32914286
2004.02.18 11:00:00,3.32,3.32,3.32,3.31,12019,648,3.32042857
2004.02.18 12:00:00,3.32,3.34,3.33,3.32,10640,593,3.32585714
2004.02.18 13:00:00,3.32,3.33,3.32,3.32,6923,410,3.32057143
2004.02.18 14:00:00,3.32,3.32,3.3,3.29,20020,1177,3.30485714
2004.02.18 15:00:00,3.3,3.33,3.32,3.3,30058,1442,3.32014286
2004.02.19 09:30:00,3.33,3.38,3.36,3.32,30639,1068,3.34814286
2004.02.19 10:00:00,3.35,3.35,3.32,3.31,33635,1285,3.32742857
2004.02.19 11:00:00,3.32,3.32,3.25,3.25,68558,2099,3.28028571
2004.02.19 12:00:00,3.25,3.28,3.28,3.24,44212,1483,3.25728571
2004.02.19 13:00:00,3.27,3.28,3.27,3.25,21133,973,3.263
2004.02.19 14:00:00,3.27,3.27,3.23,3.23,55818,1426,3.249
2004.02.19 15:00:00,3.23,3.25,3.21,3.2,133511,4785,3.22442857
2004.02.20 09:30:00,3.21,3.21,3.18,3.18,44464,1263,3.19871429
2004.02.20 10:00:00,3.18,3.21,3.19,3.17,59472,2100,3.19185714
2004.02.20 11:00:00,3.19,3.21,3.21,3.19,28126,962,3.201
2004.02.20 12:00:00,3.21,3.21,3.19,3.18,32417,1102,3.19485714
2004.02.20 13:00:00,3.19,3.2,3.19,3.18,35280,1130,3.18957143
2004.02.20 14:00:00,3.2,3.22,3.21,3.19,52689,1998,3.20685714
2004.02.20 15:00:00,3.21,3.21,3.19,3.19,68677,2010,3.19785714
2004.02.23 09:30:00,3.21,3.21,3.18,3.15,33425,1368,3.18071429
2004.02.23 10:00:00,3.18,3.2,3.2,3.17,36379,1796,3.18528571
2004.02.23 11:00:00,3.2,3.2,3.16,3.16,18431,866,3.17
2004.02.23 12:00:00,3.16,3.17,3.16,3.15,24857,975,3.157
2004.02.23 13:00:00,3.15,3.17,3.16,3.15,26075,1015,3.15771429
2004.02.23 14:00:00,3.15,3.15,3.13,3.13,37744,1827,3.14171429
2004.02.23 15:00:00,3.13,3.16,3.16,3.13,49028,2041,3.15057143
2004.02.24 09:30:00,3.15,3.2,3.18,3.15,27370,1398,3.16985714
2004.02.24 10:00:00,3.18,3.22,3.21,3.14,52605,2525,3.18485714
2004.02.24 11:00:00,3.21,3.22,3.21,3.2,32347,1372,3.20985714
2004.02.24 12:00:00,3.21,3.25,3.24,3.21,21504,877,3.22528571
2004.02.24 13:00:00,3.24,3.25,3.23,3.22,38598,1111,3.23657143
2004.02.24 14:00:00,3.23,3.23,3.2,3.2,53858,1492,3.216
2004.02.24 15:00:00,3.2,3.22,3.2,3.19,63889,1977,3.20257143
2004.02.25 09:30:00,3.17,3.22,3.22,3.17,30604,909,3.20328571
2004.02.25 10:00:00,3.22,3.39,3.25,3.21,44527,1629,3.24228571
2004.02.25 11:00:00,3.25,3.27,3.26,3.24,53627,1427,3.25685714
2004.02.25 12:00:00,3.25,3.27,3.27,3.24,30289,779,3.25171429
2004.02.25 13:00:00,3.27,3.27,3.25,3.25,33544,779,3.26014286
2004.02.25 14:00:00,3.25,3.26,3.26,3.25,34496,925,3.25557143
2004.02.25 15:00:00,3.26,3.27,3.26,3.25,84777,2095,3.25885714
2004.02.26 09:30:00,3.26,3.29,3.28,3.26,36225,1079,3.28028571
2004.02.26 10:00:00,3.28,3.3,3.29,3.28,41839,1592,3.29042857
2004.02.26 11:00:00,3.29,3.31,3.3,3.29,29113,1002,3.29685714
2004.02.26 12:00:00,3.3,3.31,3.3,3.29,25501,1117,3.30214286
2004.02.26 13:00:00,3.3,3.31,3.31,3.3,24108,551,3.30428571
2004.02.26 14:00:00,3.31,3.31,3.3,3.29,27111,783,3.30371429
2004.02.26 15:00:00,3.3,3.31,3.3,3.29,38689,1304,3.30142857
2004.02.27 09:30:00,3.28,3.31,3.31,3.28,21686,888,3.29414286
2004.02.27 10:00:00,3.31,3.32,3.31,3.3,22652,1085,3.31228571
2004.02.27 11:00:00,3.31,3.34,3.33,3.3,73990,2249,3.32771429
2004.02.27 12:00:00,3.33,3.41,3.38,3.24,161077,3580,3.376
2004.02.27 13:00:00,3.38,3.39,3.38,3.37,73815,1234,3.379
2004.02.27 14:00:00,3.38,3.43,3.42,3.38,79954,2708,3.41285714
2004.02.27 15:00:00,3.42,3.43,3.42,3.4,109683,2997,3.41657143
2004.03.01 09:30:00,3.44,3.47,3.42,3.41,74830,2060,3.43914286
2004.03.01 10:00:00,3.42,3.5,3.42,3.41,51072,1792,3.42628571
2004.03.01 11:00:00,3.42,3.43,3.43,3.41,37975,1592,3.42128571
2004.03.01 12:00:00,3.43,3.44,3.42,3.42,28105,1104,3.42785714
2004.03.01 13:00:00,3.42,3.43,3.43,3.42,31850,1243,3.426
2004.03.01 14:00:00,3.43,3.44,3.44,3.42,52206,1416,3.43014286
2004.03.01 15:00:00,3.44,3.44,3.44,3.43,64687,2116,3.42942857
2004.03.02 09:30:00,3.43,3.44,3.42,3.42,25242,930,3.42728571
2004.03.02 10:00:00,3.42,3.44,3.44,3.41,50967,1698,3.42657143
2004.03.02 11:00:00,3.44,3.44,3.43,3.42,34713,1342,3.43157143
2004.03.02 12:00:00,3.43,3.43,3.41,3.41,44324,1556,3.42014286
2004.03.02 13:00:00,3.42,3.42,3.41,3.4,36750,1166,3.41057143
2004.03.02 14:00:00,3.41,3.42,3.42,3.4,27517,1228,3.41514286
2004.03.02 15:00:00,3.42,3.43,3.4,3.4,56952,2339,3.412
2004.03.03 09:30:00,3.37,3.4,3.38,3.37,20104,879,3.38114286
2004.03.03 10:00:00,3.38,3.4,3.4,3.37,32291,1354,3.38157143
2004.03.03 11:00:00,3.4,3.43,3.42,3.4,22694,1127,3.411
2004.03.03 12:00:00,3.42,3.43,3.42,3.42,25851,1004,3.42671429
2004.03.03 13:00:00,3.42,3.45,3.45,3.42,36799,1706,3.43557143
2004.03.03 14:00:00,3.45,3.46,3.43,3.43,43974,1855,3.43485714
2004.03.03 15:00:00,3.43,3.44,3.41,3.41,81221,2261,3.42542857
2004.03.04 09:30:00,3.42,3.46,3.45,3.41,38241,1397,3.43985714
2004.03.04 10:00:00,3.45,3.5,3.5,3.45,65541,2233,3.47657143
2004.03.04 11:00:00,3.49,3.5,3.48,3.48,50771,1454,3.49485714
2004.03.04 12:00:00,3.48,3.51,3.5,3.48,46172,1339,3.49657143
2004.03.04 13:00:00,3.5,3.52,3.51,3.5,99533,2468,3.51214286
2004.03.04 14:00:00,3.51,3.53,3.53,3.49,62426,1605,3.50671429
2004.03.04 15:00:00,3.53,3.6,3.59,3.52,350749,7505,3.55842857
2004.03.05 09:30:00,3.57,3.89,3.82,3.56,341439,11286,3.72557143
2004.03.05 10:00:00,3.82,3.99,3.82,3.77,642285,18577,3.84814286
2004.03.05 11:00:00,3.82,3.83,3.81,3.75,207522,6092,3.79857143
2004.03.05 12:00:00,3.81,3.86,3.86,3.79,164787,4501,3.83885714
2004.03.05 13:00:00,3.86,3.86,3.83,3.81,152390,4351,3.84285714
2004.03.05 14:00:00,3.83,3.86,3.86,3.83,120127,3927,3.85128571
2004.03.05 15:00:00,3.86,3.87,3.83,3.71,261653,5895,3.84528571
2004.03.08 09:30:00,3.8,3.83,3.76,3.73,124684,4637,3.774
2004.03.08 10:00:00,3.76,4.21,3.76,3.76,101682,4447,3.78142857
2004.03.08 11:00:00,3.76,3.78,3.77,3.75,68103,2165,3.76028571
2004.03.08 12:00:00,3.77,3.79,3.77,3.76,35931,1631,3.77557143
2004.03.08 13:00:00,3.77,3.77,3.7,3.69,96075,2842,3.73585714
2004.03.08 14:00:00,3.7,3.74,3.7,3.69,101626,3321,3.71385714
2004.03.08 15:00:00,3.7,3.72,3.7,3.69,86569,3079,3.70285714
2004.03.09 09:30:00,3.7,3.79,3.78,3.68,69076,2675,3.73528571
2004.03.09 10:00:00,3.78,3.78,3.78,3.69,113008,3464,3.74771429
2004.03.09 11:00:00,3.78,3.81,3.78,3.77,83951,2834,3.79628571
2004.03.09 12:00:00,3.78,3.8,3.79,3.77,67830,2491,3.78857143
2004.03.09 13:00:00,3.79,3.8,3.79,3.79,56931,1983,3.79357143
2004.03.09 14:00:00,3.79,3.85,3.83,3.78,114450,4667,3.81028571
2004.03.09 15:00:00,3.83,3.89,3.86,3.82,244265,9542,3.85771429
2004.03.10 09:30:00,3.85,3.93,3.92,3.85,137445,4622,3.89457143
2004.03.10 10:00:00,3.92,4.02,4,3.91,388080,11031,3.97657143
2004.03.10 11:00:00,4,4.02,3.99,3.98,184044,5067,4.00014286
2004.03.10 12:00:00,3.99,3.99,3.97,3.97,104741,2592,3.977
2004.03.10 13:00:00,3.97,3.97,3.95,3.9,144445,4903,3.93828571
2004.03.10 14:00:00,3.95,3.97,3.93,3.92,98049,3360,3.94485714
2004.03.10 15:00:00,3.93,3.96,3.95,3.91,166082,5640,3.93385714
2004.03.11 09:30:00,3.91,4.01,3.98,3.89,140861,4498,3.95828571
2004.03.11 10:00:00,3.98,4,3.98,3.95,139440,4880,3.98514286
2004.03.11 11:00:00,3.98,3.99,3.96,3.94,71043,3090,3.96028571
2004.03.11 12:00:00,3.96,3.98,3.98,3.95,51548,2462,3.96714286
2004.03.11 13:00:00,3.98,4,3.96,3.95,44695,2512,3.97585714
2004.03.11 14:00:00,3.96,3.99,3.94,3.92,99435,3915,3.96142857
2004.03.11 15:00:00,3.94,3.95,3.89,3.87,157185,5911,3.90414286
2004.03.12 09:30:00,3.91,3.97,3.94,3.88,75978,3096,3.94085714
2004.03.12 10:00:00,3.94,3.95,3.91,3.89,106267,3540,3.914
2004.03.12 11:00:00,3.91,3.95,3.95,3.9,50694,2136,3.92257143
2004.03.12 12:00:00,3.95,3.95,3.93,3.92,43113,1650,3.92914286
2004.03.12 13:00:00,3.93,3.93,3.9,3.9,24332,1361,3.91385714
2004.03.12 14:00:00,3.9,3.92,3.91,3.9,25599,1300,3.90885714
2004.03.12 15:00:00,3.91,3.94,3.94,3.9,68719,2567,3.92257143
2004.03.15 09:30:00,3.86,3.91,3.87,3.84,80402,2638,3.86671429
2004.03.15 10:00:00,3.87,3.89,3.81,3.8,89621,3544,3.85285714
2004.03.15 11:00:00,3.81,3.83,3.81,3.79,87689,2756,3.81028571
2004.03.15 12:00:00,3.81,3.82,3.8,3.77,88403,2919,3.80028571
2004.03.15 13:00:00,3.8,3.8,3.79,3.77,54411,1873,3.78457143
2004.03.15 14:00:00,3.79,3.8,3.77,3.76,74543,3003,3.78085714
2004.03.15 15:00:00,3.77,3.79,3.78,3.75,96005,3669,3.77228571
2004.03.16 09:30:00,3.79,3.8,3.67,3.66,182420,6416,3.713
2004.03.16 10:00:00,3.67,3.68,3.67,3.63,218568,6423,3.65342857
2004.03.16 11:00:00,3.67,3.71,3.69,3.67,90909,2855,3.68385714
2004.03.16 12:00:00,3.69,3.69,3.68,3.64,46655,2131,3.66942857
2004.03.16 13:00:00,3.68,3.69,3.66,3.66,49903,1832,3.67871429
2004.03.16 14:00:00,3.66,3.68,3.65,3.63,73892,4331,3.65942857
2004.03.16 15:00:00,3.65,3.69,3.69,3.64,74368,3991,3.67414286
2004.03.17 09:30:00,3.71,3.75,3.72,3.68,88242,2549,3.71557143
2004.03.17 10:00:00,3.72,3.77,3.75,3.7,88151,3023,3.72728571
2004.03.17 11:00:00,3.75,3.76,3.7,3.7,103768,2745,3.73628571
2004.03.17 12:00:00,3.7,3.71,3.7,3.69,48636,2052,3.69842857
2004.03.17 13:00:00,3.7,3.72,3.7,3.7,28931,1317,3.70942857
2004.03.17 14:00:00,3.7,3.71,3.71,3.7,37954,1293,3.70842857
2004.03.17 15:00:00,3.71,3.74,3.74,3.7,70133,2537,3.72714286
2004.03.18 09:30:00,3.7,3.72,3.68,3.67,52535,1942,3.69585714
2004.03.18 10:00:00,3.68,3.69,3.67,3.66,55825,2154,3.67571429
2004.03.18 11:00:00,3.67,3.7,3.7,3.66,20468,1209,3.68471429
2004.03.18 12:00:00,3.7,3.7,3.68,3.67,44527,1811,3.68671429
2004.03.18 13:00:00,3.68,3.7,3.67,3.67,58128,2369,3.68171429
2004.03.18 14:00:00,3.67,3.68,3.67,3.66,63322,2024,3.66614286
2004.03.18 15:00:00,3.67,3.7,3.67,3.67,80633,3022,3.68228571
2004.03.19 09:30:00,3.66,3.7,3.7,3.65,34923,1371,3.66942857
2004.03.19 10:00:00,3.7,3.74,3.72,3.66,74844,3292,3.70142857
2004.03.19 11:00:00,3.72,3.78,3.74,3.71,92960,2887,3.73585714
2004.03.19 12:00:00,3.74,3.74,3.73,3.72,23436,967,3.73157143
2004.03.19 13:00:00,3.73,3.74,3.73,3.71,38283,1265,3.72385714
2004.03.19 14:00:00,3.73,3.73,3.71,3.7,69104,1889,3.71442857
2004.03.19 15:00:00,3.71,3.85,3.69,3.68,106736,3210,3.697
2004.03.22 09:30:00,3.62,3.68,3.67,3.61,76286,3004,3.63957143
2004.03.22 10:00:00,3.67,3.74,3.72,3.63,120652,4224,3.682
2004.03.22 11:00:00,3.73,3.73,3.67,3.67,79877,2890,3.70014286
2004.03.22 12:00:00,3.67,3.68,3.65,3.62,53291,2288,3.64571429
2004.03.22 13:00:00,3.65,3.69,3.66,3.63,77385,2270,3.65842857
2004.03.22 14:00:00,3.66,3.69,3.67,3.65,27181,1786,3.66657143
2004.03.22 15:00:00,3.67,3.69,3.69,3.67,70532,3024,3.68442857
2004.03.23 09:30:00,3.7,3.71,3.66,3.66,68103,2081,3.68042857
2004.03.23 10:00:00,3.66,3.68,3.66,3.66,58611,2832,3.66785714
2004.03.23 11:00:00,3.66,3.68,3.66,3.63,81221,2473,3.64728571
2004.03.23 12:00:00,3.66,3.66,3.65,3.63,70546,2134,3.64385714
2004.03.23 13:00:00,3.65,3.68,3.67,3.65,35763,1370,3.66028571
2004.03.23 14:00:00,3.67,3.68,3.65,3.64,41405,1762,3.65028571
2004.03.23 15:00:00,3.65,3.66,3.61,3.61,103999,3592,3.63428571
2004.03.24 10:00:00,3.64,3.65,3.63,3.62,33691,1293,3.63471429
2004.03.24 11:00:00,3.63,3.67,3.64,3.62,99099,2973,3.64257143
2004.03.24 12:00:00,3.64,3.68,3.64,3.64,59843,2242,3.65685714
2004.03.24 13:00:00,3.65,3.65,3.64,3.63,53711,1332,3.64214286
2004.03.24 14:00:00,3.64,3.66,3.64,3.64,63308,1874,3.64657143
2004.03.24 15:00:00,3.64,3.66,3.64,3.63,58688,2308,3.64385714
2004.03.25 09:30:00,3.72,3.78,3.74,3.72,83027,2739,3.75257143
2004.03.25 10:00:00,3.74,3.75,3.72,3.61,134239,3573,3.72857143
2004.03.25 11:00:00,3.72,3.76,3.75,3.7,67753,2544,3.72314286
2004.03.25 12:00:00,3.76,3.79,3.77,3.73,59696,2282,3.76514286
2004.03.25 13:00:00,3.77,3.79,3.79,3.76,43127,1598,3.77914286
2004.03.25 14:00:00,3.79,3.8,3.78,3.77,83881,2109,3.78642857
2004.03.25 15:00:00,3.78,3.84,3.83,3.78,125048,4199,3.82171429
2004.03.26 09:30:00,3.86,3.89,3.88,3.84,91987,2728,3.87257143
2004.03.26 10:00:00,3.88,3.9,3.87,3.86,93646,2894,3.87357143
2004.03.26 11:00:00,3.87,3.91,3.9,3.87,72149,2301,3.89242857
2004.03.26 12:00:00,3.9,3.9,3.88,3.88,40523,1513,3.89142857
2004.03.26 13:00:00,3.88,3.9,3.89,3.88,36386,1828,3.89442857
2004.03.26 14:00:00,3.89,3.91,3.89,3.89,61593,1808,3.89728571
2004.03.26 15:00:00,3.89,3.9,3.88,3.87,88193,2566,3.88942857
2004.03.29 09:30:00,3.91,3.97,3.96,3.89,45976,1919,3.93571429
2004.03.29 10:00:00,3.96,3.97,3.95,3.93,46277,2227,3.947
2004.03.29 11:00:00,3.96,3.98,3.98,3.95,39228,1437,3.96528571
2004.03.29 12:00:00,3.98,4,3.99,3.98,57890,2157,3.99185714
2004.03.29 13:00:00,3.99,3.99,3.98,3.97,41524,1608,3.98157143
2004.03.29 14:00:00,3.98,3.99,3.98,3.97,61460,1572,3.97485714
2004.03.29 15:00:00,3.98,3.99,3.98,3.95,101248,3297,3.97128571
2004.03.30 09:30:00,3.96,3.99,3.97,3.96,38696,1499,3.97571429
2004.03.30 10:00:00,3.97,3.98,3.97,3.94,109550,2591,3.96257143
2004.03.30 11:00:00,3.97,3.97,3.93,3.93,74781,1904,3.94814286
2004.03.30 12:00:00,3.93,3.94,3.91,3.91,39312,1343,3.92742857
2004.03.30 13:00:00,3.91,3.95,3.94,3.91,48335,1483,3.92657143
2004.03.30 14:00:00,3.94,3.96,3.96,3.92,39872,1575,3.93628571
2004.03.30 15:00:00,3.96,3.99,3.98,3.95,70406,2543,3.96842857
2004.03.31 09:30:00,3.99,4,3.98,3.95,32760,1463,3.97742857
2004.03.31 10:00:00,3.98,3.98,3.95,3.95,39900,1944,3.96371429
2004.03.31 11:00:00,3.95,3.97,3.97,3.95,23107,834,3.95714286
2004.03.31 12:00:00,3.97,3.97,3.93,3.93,29778,1092,3.95128571
2004.03.31 13:00:00,3.93,3.95,3.91,3.9,49448,1564,3.92742857
2004.03.31 14:00:00,3.91,3.94,3.93,3.91,69552,2099,3.924
2004.03.31 15:00:00,3.93,3.93,3.86,3.85,175840,4912,3.88
2004.04.01 09:30:00,3.85,3.9,3.85,3.8,52024,2483,3.85542857
2004.04.01 10:00:00,3.85,3.88,3.87,3.83,92946,3349,3.852
2004.04.01 11:00:00,3.87,3.87,3.84,3.83,45934,1728,3.83928571
2004.04.01 12:00:00,3.84,3.85,3.83,3.83,26012,1118,3.83771429
2004.04.01 13:00:00,3.83,3.85,3.83,3.83,20916,1053,3.84114286
2004.04.01 14:00:00,3.83,3.86,3.86,3.83,44961,1711,3.84985714
2004.04.01 15:00:00,3.86,3.88,3.87,3.85,78855,2749,3.86457143
2004.04.02 09:30:00,3.95,3.99,3.94,3.9,85379,2729,3.949
2004.04.02 10:00:00,3.94,3.96,3.92,3.89,64890,2757,3.91057143
2004.04.02 11:00:00,3.92,3.93,3.93,3.9,25627,1360,3.91414286
2004.04.02 12:00:00,3.93,3.95,3.93,3.92,19740,1272,3.93285714
2004.04.02 13:00:00,3.93,3.95,3.93,3.91,24136,1475,3.928
2004.04.02 14:00:00,3.93,3.94,3.93,3.9,40320,1905,3.911
2004.04.02 15:00:00,3.93,3.95,3.93,3.92,53032,2330,3.93542857
2004.04.05 09:30:00,3.92,3.96,3.95,3.92,35084,1702,3.93714286
2004.04.05 10:00:00,3.95,3.95,3.93,3.92,34132,1514,3.93114286
2004.04.05 11:00:00,3.93,3.98,3.98,3.93,35623,1333,3.95185714
2004.04.05 12:00:00,3.98,4.05,4.04,3.97,92624,3589,4.00657143
2004.04.05 13:00:00,4.04,4.05,4.01,4,69727,2618,4.02857143
2004.04.05 14:00:00,4.01,4.03,4.02,4,44226,1855,4.01157143
2004.04.05 15:00:00,4.02,4.05,4.05,4.01,127204,3582,4.02914286
2004.04.06 09:30:00,3.96,4.02,4,3.94,64505,2050,3.98485714
2004.04.06 10:00:00,4,4.02,3.96,3.96,61096,2586,3.98614286
2004.04.06 11:00:00,3.97,3.99,3.95,3.92,62790,3115,3.95285714
2004.04.06 12:00:00,3.95,3.96,3.95,3.93,22967,1072,3.94914286
2004.04.06 13:00:00,3.95,3.97,3.95,3.95,19866,909,3.95857143
2004.04.06 14:00:00,3.95,3.97,3.97,3.93,21385,1205,3.95757143
2004.04.06 15:00:00,3.97,3.98,3.97,3.93,43197,2225,3.95957143
2004.04.07 09:30:00,3.94,3.96,3.91,3.9,46522,1457,3.91414286
2004.04.07 10:00:00,3.91,3.92,3.89,3.86,69636,2410,3.89657143
2004.04.07 11:00:00,3.89,3.91,3.87,3.87,32732,1238,3.88928571
2004.04.07 12:00:00,3.87,3.87,3.86,3.85,43680,1614,3.864
2004.04.07 13:00:00,3.86,3.89,3.87,3.86,20440,810,3.87557143
2004.04.07 14:00:00,3.87,3.9,3.89,3.87,25228,1326,3.88357143
2004.04.07 15:00:00,3.89,3.91,3.9,3.87,68915,2942,3.896
2004.04.08 09:30:00,3.97,4,3.96,3.94,69272,2115,3.97114286
2004.04.08 10:00:00,3.96,3.96,3.93,3.91,63595,2170,3.93071429
2004.04.08 11:00:00,3.93,3.94,3.91,3.89,31619,1526,3.91171429
2004.04.08 12:00:00,3.91,3.93,3.91,3.9,13755,678,3.91857143
2004.04.08 13:00:00,3.91,3.94,3.94,3.9,12404,582,3.932
2004.04.08 14:00:00,3.94,3.94,3.93,3.91,16765,995,3.92714286
2004.04.08 15:00:00,3.93,3.94,3.93,3.91,34874,1771,3.92614286
2004.04.12 09:30:00,3.93,3.97,3.95,3.93,24850,1170,3.952
2004.04.12 10:00:00,3.94,3.98,3.98,3.94,33803,1658,3.96928571
2004.04.12 11:00:00,3.98,3.99,3.99,3.96,27062,1004,3.97757143
2004.04.12 12:00:00,3.99,4,3.99,3.99,37800,1002,3.99214286
2004.04.12 13:00:00,3.99,4.01,4,3.99,41531,1418,3.99714286
2004.04.12 14:00:00,4,4.01,4,4,54439,1454,4.00371429
2004.04.12 15:00:00,4,4.01,4,3.99,56637,1864,3.997
2004.04.13 09:30:00,4,4,3.98,3.97,55006,1795,3.98585714
2004.04.13 10:00:00,3.98,3.98,3.92,3.9,106141,3053,3.94642857
2004.04.13 11:00:00,3.92,3.95,3.89,3.84,105861,3781,3.88028571
2004.04.13 12:00:00,3.89,3.89,3.88,3.87,34006,1527,3.88057143
2004.04.13 13:00:00,3.88,3.89,3.85,3.85,58415,1850,3.86728571
2004.04.13 14:00:00,3.85,3.86,3.84,3.84,66304,1979,3.85371429
2004.04.13 15:00:00,3.84,3.86,3.85,3.83,90923,3072,3.85157143
2004.04.14 09:30:00,3.82,3.85,3.82,3.81,53158,1685,3.82985714
2004.04.14 10:00:00,3.81,3.87,3.86,3.81,83909,2676,3.839
2004.04.14 11:00:00,3.86,4,3.84,3.83,45185,1696,3.85357143
2004.04.14 12:00:00,3.84,3.85,3.83,3.81,55958,1639,3.83485714
2004.04.14 13:00:00,3.83,3.84,3.81,3.8,86842,2519,3.82371429
2004.04.14 14:00:00,3.81,3.82,3.81,3.76,100926,4178,3.79128571
2004.04.14 15:00:00,3.81,3.83,3.81,3.79,147203,4415,3.80171429
2004.04.15 09:30:00,4.12,4.2,4.18,4.1,524853,12733,4.16214286
2004.04.15 10:00:00,4.18,4.23,4.14,4.12,543417,15592,4.16871429
2004.04.15 11:00:00,4.14,4.15,4.11,4.02,266959,6975,4.11742857
2004.04.15 12:00:00,4.11,4.12,4.1,4.05,155092,6128,4.085
2004.04.15 13:00:00,4.1,4.13,4.11,4.09,151571,3916,4.11071429
2004.04.15 14:00:00,4.11,4.21,4.2,4.11,203469,6564,4.16328571
2004.04.15 15:00:00,4.2,4.22,4.2,4.16,244895,7684,4.18357143
2004.04.16 09:30:00,4.15,4.18,4.13,4.12,90125,3769,4.14657143
2004.04.16 10:00:00,4.13,4.13,4.11,4.07,119252,4119,4.10285714
2004.04.16 11:00:00,4.11,4.15,4.15,4.11,57183,2577,4.12928571
2004.04.16 12:00:00,4.15,4.18,4.18,4.13,38899,1665,4.15757143
2004.04.16 13:00:00,4.18,4.18,4.15,4.14,41916,1549,4.15842857
2004.04.16 14:00:00,4.15,4.17,4.16,4.15,32102,1699,4.16142857
2004.04.16 15:00:00,4.16,4.19,4.17,4.14,84308,3693,4.16971429
2004.04.19 09:30:00,4,4.11,4.07,3.99,160370,3711,4.04785714
2004.04.19 10:00:00,4.07,4.07,4.05,4.02,125419,4279,4.03671429
2004.04.19 11:00:00,4.05,4.07,4.05,4.03,79954,2498,4.04985714
2004.04.19 12:00:00,4.05,4.06,4,4,123172,3131,4.02428571
2004.04.19 13:00:00,4,4.02,4.01,3.98,92939,2886,3.99728571
2004.04.19 14:00:00,4.01,4.01,4.01,3.99,85141,2314,4.00042857
2004.04.19 15:00:00,4.01,4.05,4.05,4,153090,4087,4.03371429
2004.04.20 09:30:00,4.03,4.06,4.05,4.03,52262,1435,4.04571429
2004.04.20 10:00:00,4.05,4.05,4.03,4.02,64211,2117,4.03457143
2004.04.20 11:00:00,4.03,4.04,4.02,3.99,80983,2685,4.00914286
2004.04.20 12:00:00,4.02,4.05,4.04,4.01,36981,1569,4.02971429
2004.04.20 13:00:00,4.04,4.04,4.03,4.02,22379,800,4.026
2004.04.20 14:00:00,4.03,4.03,4,4,43729,2132,4.018
2004.04.20 15:00:00,4,4.01,3.95,3.94,112658,5013,3.974
2004.04.21 09:30:00,3.95,4.01,4.01,3.93,53249,2514,3.97328571
2004.04.21 10:00:00,4.01,4.12,3.93,3.91,71232,4037,3.96542857
2004.04.21 11:00:00,3.93,3.98,3.98,3.79,36351,1870,3.93728571
2004.04.21 12:00:00,3.97,3.98,3.95,3.93,31360,1429,3.953
2004.04.21 13:00:00,3.95,3.97,3.96,3.95,28301,1188,3.95885714
2004.04.21 14:00:00,3.96,3.99,3.96,3.96,50722,2238,3.97614286
2004.04.21 15:00:00,3.96,3.98,3.96,3.95,77868,2234,3.97257143
2004.04.22 09:30:00,3.95,3.95,3.91,3.87,49483,1969,3.91242857
2004.04.22 10:00:00,3.91,3.95,3.94,3.9,54313,2352,3.91642857
2004.04.22 11:00:00,3.94,4.03,4.01,3.94,99204,3487,3.998
2004.04.22 12:00:00,4.01,4.02,3.99,3.98,50148,1595,4.00257143
2004.04.22 13:00:00,3.99,4,3.99,3.98,35245,1371,3.98942857
2004.04.22 14:00:00,3.99,3.99,3.98,3.96,35861,1602,3.978
2004.04.22 15:00:00,3.98,3.99,3.97,3.96,84049,3171,3.97828571
2004.04.23 09:30:00,3.96,4,3.99,3.92,42497,2208,3.96471429
2004.04.23 10:00:00,3.99,4,3.96,3.91,62405,1928,3.96314286
2004.04.23 11:00:00,3.93,3.96,3.9,3.86,57372,2220,3.89685714
2004.04.23 12:00:00,3.9,3.92,3.91,3.87,26467,1328,3.89971429
2004.04.23 13:00:00,3.92,3.93,3.93,3.9,25151,1048,3.91585714
2004.04.23 14:00:00,3.93,3.95,3.94,3.92,40551,1442,3.93171429
2004.04.23 15:00:00,3.94,3.98,3.96,3.93,118734,3253,3.95742857
2004.04.26 09:30:00,3.94,3.95,3.94,3.92,44471,1673,3.93714286
2004.04.26 10:00:00,3.94,3.94,3.87,3.86,70042,2759,3.88642857
2004.04.26 11:00:00,3.87,3.9,3.88,3.87,24486,1061,3.88157143
2004.04.26 12:00:00,3.88,3.9,3.89,3.87,13300,704,3.88614286
2004.04.26 13:00:00,3.89,3.9,3.87,3.87,18053,707,3.88314286
2004.04.26 14:00:00,3.87,3.89,3.88,3.86,34664,1598,3.873
2004.04.26 15:00:00,3.88,3.89,3.88,3.86,63161,2793,3.87214286
2004.04.27 09:30:00,3.89,3.91,3.83,3.81,69237,2428,3.846
2004.04.27 10:00:00,3.83,3.86,3.84,3.82,73703,2859,3.83928571
2004.04.27 11:00:00,3.84,3.86,3.86,3.82,37065,1546,3.839
2004.04.27 12:00:00,3.86,3.87,3.86,3.85,26271,954,3.86271429
2004.04.27 13:00:00,3.86,3.87,3.84,3.84,23023,941,3.85114286
2004.04.27 14:00:00,3.84,3.85,3.83,3.82,53088,1981,3.83042857
2004.04.27 15:00:00,3.83,3.86,3.85,3.82,46921,2003,3.84185714
2004.04.28 09:30:00,3.84,3.86,3.84,3.8,38248,1703,3.83928571
2004.04.28 10:00:00,3.84,3.85,3.81,3.79,28868,1439,3.81785714
2004.04.28 11:00:00,3.81,3.82,3.82,3.79,32172,1499,3.80128571
2004.04.28 12:00:00,3.82,3.83,3.83,3.8,20587,954,3.82014286
2004.04.28 13:00:00,3.83,3.83,3.82,3.81,13090,748,3.82228571
2004.04.28 14:00:00,3.82,3.83,3.79,3.78,31010,1460,3.80371429
2004.04.28 15:00:00,3.79,3.81,3.79,3.76,96579,3309,3.784
2004.04.29 09:30:00,3.78,3.78,3.74,3.71,68110,2228,3.726
2004.04.29 10:00:00,3.74,3.86,3.81,3.74,116389,4260,3.81457143
2004.04.29 11:00:00,3.81,3.83,3.8,3.75,44345,2012,3.79614286
2004.04.29 12:00:00,3.8,3.84,3.83,3.78,61215,2304,3.80571429
2004.04.29 13:00:00,3.82,3.85,3.81,3.8,37030,1703,3.81628571
2004.04.29 14:00:00,3.82,3.83,3.8,3.79,126126,4801,3.81057143
2004.04.29 15:00:00,3.8,3.83,3.83,3.79,80171,3474,3.81385714
2004.04.30 09:30:00,3.82,3.85,3.75,3.75,84588,2075,3.81614286
2004.04.30 10:00:00,3.75,3.84,3.8,3.74,83090,3418,3.78928571
2004.04.30 11:00:00,3.8,3.8,3.76,3.75,37240,1817,3.77314286
2004.04.30 12:00:00,3.76,3.77,3.71,3.71,60564,2121,3.72757143
2004.04.30 13:00:00,3.71,3.73,3.7,3.68,64309,2196,3.70571429
2004.04.30 14:00:00,3.7,3.72,3.71,3.68,46606,1947,3.70771429
2004.04.30 15:00:00,3.71,3.71,3.68,3.64,166712,5512,3.67728571
2004.05.03 09:30:00,3.71,3.75,3.72,3.68,50029,1969,3.71242857
2004.05.03 10:00:00,3.72,3.74,3.72,3.68,43799,2439,3.71042857
2004.05.03 11:00:00,3.73,3.76,3.76,3.73,30576,1604,3.74571429
2004.05.03 12:00:00,3.76,3.76,3.72,3.72,20426,1061,3.74028571
2004.05.03 13:00:00,3.72,3.72,3.71,3.69,27979,1277,3.705
2004.05.03 14:00:00,3.71,3.73,3.7,3.68,47817,1900,3.70957143
2004.05.03 15:00:00,3.7,3.73,3.72,3.69,79807,2595,3.71742857
2004.05.04 09:30:00,3.72,3.76,3.68,3.66,46256,1785,3.70785714
2004.05.04 10:00:00,3.68,3.71,3.69,3.64,38668,1926,3.68371429
2004.05.04 11:00:00,3.69,3.7,3.68,3.67,46032,1379,3.68114286
2004.05.04 12:00:00,3.68,3.7,3.69,3.67,20531,866,3.68657143
2004.05.04 13:00:00,3.69,3.72,3.7,3.69,31626,962,3.70342857
2004.05.04 14:00:00,3.7,3.79,3.77,3.68,66353,3633,3.72157143
2004.05.04 15:00:00,3.77,3.77,3.73,3.69,84637,3584,3.73857143
2004.05.05 09:30:00,3.74,3.78,3.75,3.71,17836,1015,3.73771429
2004.05.05 10:00:00,3.75,3.81,3.76,3.73,48741,2016,3.76271429
2004.05.05 11:00:00,3.76,3.78,3.76,3.75,17598,1085,3.76157143
2004.05.05 12:00:00,3.76,3.76,3.74,3.74,17941,1088,3.75257143
2004.05.05 13:00:00,3.74,3.8,3.8,3.74,37912,1972,3.77485714
2004.05.05 14:00:00,3.8,3.82,3.81,3.79,53781,2458,3.80257143
2004.05.05 15:00:00,3.81,3.81,3.81,3.79,56112,2352,3.803
2004.05.06 09:30:00,3.77,3.79,3.77,3.74,30590,1619,3.765
2004.05.06 10:00:00,3.77,3.81,3.75,3.72,60424,3312,3.77185714
2004.05.06 11:00:00,3.75,3.75,3.72,3.71,33299,1439,3.72928571
2004.05.06 12:00:00,3.72,3.73,3.72,3.7,53508,1461,3.71557143
2004.05.06 13:00:00,3.72,3.75,3.74,3.72,21343,936,3.73828571
2004.05.06 14:00:00,3.74,3.77,3.77,3.73,19124,1185,3.75257143
2004.05.06 15:00:00,3.77,3.82,3.8,3.76,77973,3035,3.79671429
2004.05.07 09:30:00,3.8,3.86,3.84,3.79,105420,2265,3.83885714
2004.05.07 10:00:00,3.84,3.91,3.91,3.82,128156,4092,3.86214286
2004.05.07 11:00:00,3.91,3.94,3.93,3.88,79394,2245,3.919
2004.05.07 12:00:00,3.93,3.93,3.91,3.9,25116,1146,3.91028571
2004.05.07 13:00:00,3.91,3.92,3.86,3.86,39732,1850,3.88985714
2004.05.07 14:00:00,3.86,3.88,3.87,3.84,52997,2315,3.85742857
2004.05.07 15:00:00,3.87,3.87,3.81,3.81,63917,3484,3.83957143
2004.05.10 09:30:00,3.76,3.78,3.74,3.72,37625,2129,3.751
2004.05.10 10:00:00,3.74,3.76,3.73,3.72,48293,2638,3.73214286
2004.05.10 11:00:00,3.73,3.74,3.72,3.71,30807,1934,3.726
2004.05.10 12:00:00,3.72,3.78,3.78,3.72,27895,1451,3.74171429
2004.05.10 13:00:00,3.78,3.8,3.74,3.73,46158,1982,3.76757143
2004.05.10 14:00:00,3.74,3.74,3.74,3.71,40257,1646,3.728
2004.05.10 15:00:00,3.74,3.75,3.75,3.71,58464,2416,3.72971429
2004.05.11 09:30:00,3.77,3.85,3.85,3.76,85841,2750,3.80928571
2004.05.11 10:00:00,3.85,3.85,3.84,3.65,57631,2447,3.82285714
2004.05.11 11:00:00,3.84,3.88,3.88,3.84,46074,1777,3.86185714
2004.05.11 12:00:00,3.88,3.88,3.86,3.85,24745,830,3.86057143
2004.05.11 13:00:00,3.86,3.87,3.84,3.82,34111,1491,3.85414286
2004.05.11 14:00:00,3.84,3.88,3.87,3.84,33173,1386,3.86171429
2004.05.11 15:00:00,3.87,3.88,3.87,3.84,74018,2462,3.86785714
2004.05.12 09:30:00,3.83,3.88,3.86,3.81,33614,1338,3.84285714
2004.05.12 10:00:00,3.86,3.86,3.81,3.81,45556,2380,3.831
2004.05.12 11:00:00,3.81,3.81,3.78,3.76,35336,2291,3.789
2004.05.12 12:00:00,3.78,3.79,3.77,3.75,34524,1935,3.77157143
2004.05.12 13:00:00,3.77,3.79,3.76,3.75,21455,1246,3.77242857
2004.05.12 14:00:00,3.76,3.82,3.8,3.74,33173,1871,3.78442857
2004.05.12 15:00:00,3.8,3.91,3.9,3.79,91672,4307,3.871
2004.05.13 09:30:00,3.87,3.89,3.88,3.85,35203,1969,3.87157143
2004.05.13 10:00:00,3.88,3.93,3.92,3.84,39011,2212,3.887
2004.05.13 11:00:00,3.92,3.96,3.94,3.9,56035,2290,3.92557143
2004.05.13 12:00:00,3.94,3.95,3.89,3.89,34636,1253,3.92257143
2004.05.13 13:00:00,3.89,3.9,3.88,3.87,20713,1229,3.88728571
2004.05.13 14:00:00,3.88,3.9,3.87,3.86,28749,1597,3.87385714
2004.05.13 15:00:00,3.87,3.91,3.89,3.86,36799,2124,3.89314286
2004.05.14 09:30:00,3.88,3.9,3.83,3.71,46550,2331,3.84085714
2004.05.14 10:00:00,3.82,3.85,3.84,3.78,60151,2740,3.80714286
2004.05.14 11:00:00,3.84,3.86,3.81,3.79,23905,1369,3.81771429
2004.05.14 12:00:00,3.81,3.81,3.8,3.78,30170,1336,3.79371429
2004.05.14 13:00:00,3.8,3.87,3.86,3.8,36106,1706,3.83528571
2004.05.14 14:00:00,3.86,3.9,3.87,3.86,35441,2073,3.88042857
2004.05.14 15:00:00,3.87,3.87,3.86,3.85,79520,2283,3.85985714
2004.05.17 09:30:00,3.81,3.87,3.8,3.79,63049,1785,3.83285714
2004.05.17 10:00:00,3.8,3.86,3.81,3.77,66409,3347,3.80928571
2004.05.17 11:00:00,3.8,3.86,3.83,3.78,43463,2186,3.83271429
2004.05.17 12:00:00,3.84,3.84,3.82,3.81,34013,939,3.82828571
2004.05.17 13:00:00,3.82,3.83,3.82,3.79,30870,1105,3.81342857
2004.05.17 14:00:00,3.82,4.11,3.8,3.8,53977,1937,3.82028571
2004.05.17 15:00:00,3.8,3.83,3.81,3.8,72177,2364,3.82171429
2004.05.18 09:30:00,3.85,3.86,3.85,3.83,30093,1198,3.84485714
2004.05.18 10:00:00,3.84,3.88,3.87,3.83,49252,1905,3.85114286
2004.05.18 11:00:00,3.87,3.88,3.86,3.86,32277,1366,3.86928571
2004.05.18 12:00:00,3.86,3.9,3.89,3.85,35329,1222,3.88128571
2004.05.18 13:00:00,3.89,3.89,3.88,3.87,22505,963,3.88657143
2004.05.18 14:00:00,3.88,3.89,3.87,3.87,20825,1070,3.88142857
2004.05.18 15:00:00,3.87,3.88,3.86,3.86,42490,1917,3.86814286
2004.05.19 09:30:00,3.91,3.93,3.9,3.89,48069,1658,3.905
2004.05.19 10:00:00,3.9,3.91,3.89,3.89,78351,2445,3.89814286
2004.05.19 11:00:00,3.9,3.91,3.89,3.88,25193,1174,3.89542857
2004.05.19 12:00:00,3.89,3.9,3.89,3.89,17500,827,3.89314286
2004.05.19 13:00:00,3.89,3.89,3.89,3.89,11032,585,3.89142857
2004.05.19 14:00:00,3.89,3.89,3.85,3.84,63511,2141,3.86185714
2004.05.19 15:00:00,3.85,3.85,3.78,3.77,196756,6090,3.81042857
2004.05.20 09:30:00,3.8,3.86,3.85,3.65,51149,2154,3.81714286
2004.05.20 10:00:00,3.85,3.85,3.84,3.81,42777,2221,3.82671429
2004.05.20 11:00:00,3.84,3.84,3.82,3.82,20594,1120,3.83171429
2004.05.20 12:00:00,3.82,3.83,3.83,3.79,29204,1702,3.80942857
2004.05.20 13:00:00,3.83,3.84,3.84,3.82,14875,749,3.82928571
2004.05.20 14:00:00,3.84,3.85,3.84,3.82,24654,1239,3.839
2004.05.20 15:00:00,3.84,3.84,3.83,3.81,49777,1920,3.83014286
2004.05.21 09:30:00,3.84,3.87,3.84,3.83,34587,1638,3.85014286
2004.05.21 10:00:00,3.84,3.85,3.84,3.82,28833,1450,3.83714286
2004.05.21 11:00:00,3.84,3.89,3.86,3.84,33383,1455,3.85828571
2004.05.21 12:00:00,3.86,3.86,3.86,3.84,12166,742,3.85514286
2004.05.21 13:00:00,3.86,3.86,3.85,3.84,12656,674,3.85114286
2004.05.21 14:00:00,3.85,3.86,3.85,3.83,26264,1201,3.84542857
2004.05.21 15:00:00,3.84,3.87,3.87,3.83,41979,1824,3.85514286
2004.05.24 09:30:00,3.9,3.98,3.96,3.88,62916,2191,3.92914286
2004.05.24 10:00:00,3.96,3.98,3.98,3.91,59696,3056,3.94628571
2004.05.24 11:00:00,3.98,3.99,3.93,3.9,60137,2805,3.94571429
2004.05.24 12:00:00,3.93,3.94,3.9,3.89,22407,1215,3.91728571
2004.05.24 13:00:00,3.9,3.93,3.92,3.9,18375,938,3.91971429
2004.05.24 14:00:00,3.92,3.92,3.91,3.9,19299,1128,3.90614286
2004.05.24 15:00:00,3.91,3.93,3.91,3.9,36169,1950,3.91728571
2004.05.25 09:30:00,3.92,3.93,3.91,3.9,16478,951,3.90685714
2004.05.25 10:00:00,3.91,3.95,3.94,3.91,53249,2200,3.93157143
2004.05.25 11:00:00,3.95,3.95,3.93,3.93,27188,1310,3.93542857
2004.05.25 12:00:00,3.93,3.96,3.96,3.93,27657,1547,3.952
2004.05.25 13:00:00,3.96,4,3.99,3.96,80171,2258,3.98714286
2004.05.25 14:00:00,3.99,4.01,4.01,3.99,64246,1816,4.00214286
2004.05.25 15:00:00,4.01,4.07,4.05,3.99,93401,3340,4.04885714
2004.05.26 09:30:00,4.05,4.06,4.04,4.03,41944,1401,4.04457143
2004.05.26 10:00:00,4.04,4.07,4.07,4,51331,1973,4.041
2004.05.26 11:00:00,4.07,4.1,4.1,4.06,57561,1946,4.08285714
2004.05.26 12:00:00,4.1,4.11,4.06,4.03,67746,2550,4.06428571
2004.05.26 13:00:00,4.06,4.08,4.05,4.03,45878,1987,4.05385714
2004.05.26 14:00:00,4.05,4.1,4.08,4.03,65184,2644,4.06514286
2004.05.26 15:00:00,4.08,4.09,4.07,4.05,58191,2297,4.06142857
2004.05.27 09:30:00,4.07,4.08,4.07,4.05,37156,1125,4.06728571
2004.05.27 10:00:00,4.07,4.09,4.06,4.03,43946,2298,4.05885714
2004.05.27 11:00:00,4.06,4.07,4.06,4.02,42343,1871,4.048
2004.05.27 12:00:00,4.06,4.06,4,4,41993,1528,4.01971429
2004.05.27 13:00:00,4,4,3.99,3.97,24675,1208,3.98928571
2004.05.27 14:00:00,3.99,4.03,4.02,3.99,24157,1379,4.014
2004.05.27 15:00:00,4.02,4.03,4.02,4,45626,2038,4.014
2004.05.28 09:30:00,4.01,4.04,3.98,3.98,21658,1206,4.01357143
2004.05.28 10:00:00,3.98,4,4,3.97,28903,1692,3.98971429
2004.05.28 11:00:00,4,4.02,4,4,13769,824,4.00514286
2004.05.28 12:00:00,4.01,4.03,3.99,3.99,24689,1102,4.002
2004.05.28 13:00:00,3.99,4,4,3.98,15855,722,3.991
2004.05.28 14:00:00,4,4,4,3.99,12012,713,3.99885714
2004.05.28 15:00:00,4,4.01,4.01,3.99,37226,1865,3.99871429
2004.06.01 09:30:00,3.97,4.02,4,3.95,32354,1493,3.99628571
2004.06.01 10:00:00,4,4.03,3.99,3.97,36645,2102,4.00114286
2004.06.01 11:00:00,4,4,3.97,3.97,25375,1494,3.98014286
2004.06.01 12:00:00,3.97,3.99,3.98,3.96,26488,1354,3.97514286
2004.06.01 13:00:00,3.98,3.99,3.97,3.97,17430,788,3.978
2004.06.01 14:00:00,3.97,3.98,3.95,3.94,30807,1391,3.95828571
2004.06.01 15:00:00,3.95,4.01,4,3.95,46851,2476,3.98185714
2004.06.02 09:30:00,4.01,4.01,4,3.97,26845,1311,3.99785714
2004.06.02 10:00:00,4,4.03,4.02,3.99,35840,1830,4.01457143
2004.06.02 11:00:00,4.02,4.03,4.02,4.01,22365,1079,4.02214286
2004.06.02 12:00:00,4.02,4.07,4.06,4.02,26565,1311,4.04971429
2004.06.02 13:00:00,4.06,4.08,4.08,4.05,25375,1311,4.06942857
2004.06.02 14:00:00,4.08,4.14,4.14,4.07,90580,3956,4.11771429
2004.06.02 15:00:00,4.14,4.17,4.13,4.11,149478,6029,4.14042857
2004.06.03 09:30:00,4.1,4.14,4.12,4.06,44303,2070,4.09928571
2004.06.03 10:00:00,4.12,4.12,4.06,4.04,65688,3126,4.07614286
2004.06.03 11:00:00,4.06,4.08,4.07,4.04,23765,1503,4.06057143
2004.06.03 12:00:00,4.07,4.1,4.09,4.06,32235,1162,4.08114286
2004.06.03 13:00:00,4.09,4.11,4.07,4.07,20265,1032,4.09485714
2004.06.03 14:00:00,4.07,4.09,4.07,4.05,46613,2012,4.071
2004.06.03 15:00:00,4.07,4.09,4.07,4.05,64099,2605,4.07028571
2004.06.04 09:30:00,4.08,4.17,4.15,4.07,70413,2936,4.14171429
2004.06.04 10:00:00,4.15,4.17,4.14,4.13,102718,3180,4.14357143
2004.06.04 11:00:00,4.14,4.15,4.15,4.14,37464,1596,4.14142857
2004.06.04 12:00:00,4.15,4.18,4.16,4.14,54712,2125,4.16142857
2004.06.04 13:00:00,4.16,4.17,4.16,4.15,36589,1641,4.156
2004.06.04 14:00:00,4.17,4.17,4.16,4.15,35511,1450,4.15771429
2004.06.04 15:00:00,4.16,4.16,4.11,4.11,99575,3030,4.13914286
2004.06.07 09:30:00,4.14,4.18,4.18,4.12,26418,1244,4.14614286
2004.06.07 10:00:00,4.17,4.2,4.17,4.16,55685,1930,4.17785714
2004.06.07 11:00:00,4.17,4.22,4.2,4.16,48356,2029,4.193
2004.06.07 12:00:00,4.2,4.25,4.22,4.2,46291,1989,4.22757143
2004.06.07 13:00:00,4.23,4.25,4.25,4.21,42924,1879,4.232
2004.06.07 14:00:00,4.25,4.27,4.26,4.24,48363,1850,4.25214286
2004.06.07 15:00:00,4.26,4.28,4.26,4.25,80759,3279,4.26957143
2004.06.08 09:30:00,4.28,4.35,4.28,4.26,127113,4576,4.304
2004.06.08 10:00:00,4.28,4.35,4.31,4.28,116998,4818,4.31057143
2004.06.08 11:00:00,4.31,4.32,4.3,4.29,44030,1966,4.296
2004.06.08 12:00:00,4.3,4.33,4.32,4.3,39270,1490,4.317
2004.06.08 13:00:00,4.32,4.32,4.31,4.3,30282,1352,4.307
2004.06.08 14:00:00,4.31,4.33,4.33,4.3,49819,1601,4.31371429
2004.06.08 15:00:00,4.33,4.34,4.33,4.3,76237,2739,4.32157143
2004.06.09 09:30:00,4.3,4.39,4.37,4.29,81781,3072,4.34771429
2004.06.09 10:00:00,4.37,4.38,4.35,4.34,72009,2953,4.35428571
2004.06.09 11:00:00,4.35,4.36,4.36,4.34,34552,1667,4.34985714
2004.06.09 12:00:00,4.36,4.37,4.37,4.35,30254,1289,4.363
2004.06.09 13:00:00,4.37,4.39,4.34,4.34,64316,1857,4.36642857
2004.06.09 14:00:00,4.34,4.35,4.35,4.34,48552,1759,4.34485714
2004.06.09 15:00:00,4.35,4.35,4.32,4.31,73087,2693,4.33585714
2004.06.10 09:30:00,4.33,4.38,4.38,4.32,41342,1611,4.35285714
2004.06.10 10:00:00,4.38,4.42,4.38,4.38,102655,3636,4.39557143
2004.06.10 11:00:00,4.38,4.39,4.36,4.34,55769,2316,4.359
2004.06.10 12:00:00,4.36,4.38,4.38,4.35,18361,878,4.368
2004.06.10 13:00:00,4.38,4.38,4.38,4.37,19649,806,4.37514286
2004.06.10 14:00:00,4.38,4.4,4.4,4.37,20265,1035,4.38914286
2004.06.10 15:00:00,4.4,4.41,4.39,4.38,49658,2020,4.39342857
2004.06.14 09:30:00,4.38,4.38,4.35,4.34,41916,1380,4.35728571
2004.06.14 10:00:00,4.35,4.36,4.32,4.31,67011,2451,4.33914286
2004.06.14 11:00:00,4.32,4.34,4.32,4.31,28343,1315,4.32228571
2004.06.14 12:00:00,4.32,4.32,4.28,4.27,45738,1733,4.28885714
2004.06.14 13:00:00,4.28,4.31,4.3,4.27,31864,1191,4.28814286
2004.06.14 14:00:00,4.3,4.3,4.28,4.27,20783,1130,4.28471429
2004.06.14 15:00:00,4.28,4.31,4.3,4.21,52325,2074,4.29557143
2004.06.15 09:30:00,4.36,4.43,4.41,4.32,61936,2510,4.404
2004.06.15 10:00:00,4.41,4.44,4.41,4.4,119294,3695,4.42185714
2004.06.15 11:00:00,4.41,4.45,4.43,4.41,75943,2010,4.42657143
2004.06.15 12:00:00,4.43,4.44,4.43,4.41,67697,1960,4.42485714
2004.06.15 13:00:00,4.43,4.43,4.43,4.42,39816,1318,4.42414286
2004.06.15 14:00:00,4.43,4.44,4.41,4.4,56091,1664,4.42114286
2004.06.15 15:00:00,4.4,4.41,4.39,4.37,113176,3860,4.39342857
2004.06.16 09:30:00,4.37,4.41,4.4,4.36,25200,1274,4.38557143
2004.06.16 10:00:00,4.4,4.5,4.49,4.4,130382,3875,4.46028571
2004.06.16 11:00:00,4.49,4.51,4.49,4.46,104930,3179,4.49085714
2004.06.16 12:00:00,4.49,4.53,4.52,4.48,51618,1823,4.49871429
2004.06.16 13:00:00,4.52,4.56,4.53,4.5,96467,2924,4.52571429
2004.06.16 14:00:00,4.53,4.6,4.59,4.52,120302,4401,4.56785714
2004.06.16 15:00:00,4.59,4.76,4.68,4.59,468650,14040,4.68671429
2004.06.17 09:30:00,4.65,4.73,4.68,4.64,159943,5170,4.68728571
2004.06.17 10:00:00,4.68,4.68,4.65,4.6,124852,4861,4.63242857
2004.06.17 11:00:00,4.65,4.65,4.64,4.62,69027,2440,4.63014286
2004.06.17 12:00:00,4.64,4.64,4.63,4.62,27916,1184,4.63157143
2004.06.17 13:00:00,4.63,4.68,4.67,4.63,43771,1819,4.64842857
2004.06.17 14:00:00,4.67,4.67,4.67,4.65,66892,2164,4.663
2004.06.17 15:00:00,4.67,4.72,4.69,4.66,128513,5274,4.68742857
2004.06.18 09:30:00,4.65,4.67,4.64,4.63,51765,1979,4.65485714
2004.06.18 10:00:00,4.65,4.72,4.71,4.64,66773,3132,4.69585714
2004.06.18 11:00:00,4.7,4.73,4.71,4.7,57841,2329,4.71614286
2004.06.18 12:00:00,4.71,4.72,4.71,4.71,36477,1286,4.71271429
2004.06.18 13:00:00,4.71,4.75,4.73,4.7,44569,1748,4.72657143
2004.06.18 14:00:00,4.73,4.77,4.71,4.7,50953,2415,4.73614286
2004.06.18 15:00:00,4.71,4.72,4.7,4.68,100646,3509,4.70371429
2004.06.21 09:30:00,4.73,4.79,4.71,4.68,95963,3981,4.72657143
2004.06.21 10:00:00,4.71,4.73,4.72,4.7,56910,1980,4.714
2004.06.21 11:00:00,4.72,4.72,4.69,4.69,44156,1655,4.70085714
2004.06.21 12:00:00,4.69,4.7,4.67,4.67,26362,984,4.69228571
2004.06.21 13:00:00,4.67,4.67,4.65,4.64,58436,1984,4.65142857
2004.06.21 14:00:00,4.65,4.67,4.65,4.64,64183,1917,4.65185714
2004.06.21 15:00:00,4.65,4.66,4.6,4.59,105903,3891,4.62528571
2004.06.22 09:30:00,4.62,4.7,4.66,4.61,49084,2067,4.65371429
2004.06.22 10:00:00,4.66,4.73,4.67,4.66,140630,4314,4.69971429
2004.06.22 11:00:00,4.67,4.68,4.67,4.64,52402,2119,4.65528571
2004.06.22 12:00:00,4.67,4.7,4.67,4.66,29085,1383,4.674
2004.06.22 13:00:00,4.67,4.68,4.66,4.64,24857,1387,4.66414286
2004.06.22 14:00:00,4.66,4.71,4.71,4.66,55328,3071,4.69371429
2004.06.22 15:00:00,4.71,4.71,4.71,4.69,68019,2833,4.70528571
2004.06.23 09:30:00,4.72,4.72,4.71,4.7,56364,1892,4.71042857
2004.06.23 10:00:00,4.71,4.72,4.71,4.7,41160,1985,4.71314286
2004.06.23 11:00:00,4.71,4.73,4.72,4.71,92050,1927,4.71871429
2004.06.23 12:00:00,4.72,4.78,4.77,4.72,55608,2793,4.74942857
2004.06.23 13:00:00,4.77,4.8,4.79,4.77,50281,2467,4.78014286
2004.06.23 14:00:00,4.79,4.81,4.79,4.77,69174,2641,4.78885714
2004.06.23 15:00:00,4.79,4.83,4.81,4.79,111811,4360,4.81071429
2004.06.24 09:30:00,4.79,4.81,4.8,4.77,42630,1817,4.79442857
2004.06.24 10:00:00,4.8,4.81,4.77,4.76,59696,2759,4.781
2004.06.24 11:00:00,4.77,4.78,4.77,4.76,41986,2100,4.76928571
2004.06.24 12:00:00,4.77,4.8,4.79,4.77,16296,925,4.78257143
2004.06.24 13:00:00,4.79,4.79,4.76,4.76,20146,1288,4.77
2004.06.24 14:00:00,4.76,4.76,4.73,4.73,46270,2111,4.73942857
2004.06.24 15:00:00,4.73,4.74,4.73,4.71,65457,2975,4.72371429
2004.06.25 09:30:00,4.73,4.78,4.76,4.72,34188,1818,4.75914286
2004.06.25 10:00:00,4.76,4.8,4.78,4.75,33516,2067,4.77714286
2004.06.25 11:00:00,4.78,4.8,4.78,4.77,31248,1603,4.78057143
2004.06.25 12:00:00,4.78,4.78,4.75,4.74,42945,1766,4.76057143
2004.06.25 13:00:00,4.75,4.77,4.76,4.74,42714,1654,4.754
2004.06.25 14:00:00,4.76,4.76,4.74,4.73,50127,1917,4.74114286
2004.06.25 15:00:00,4.74,4.79,4.78,4.74,80087,2780,4.76842857
2004.06.28 09:30:00,4.85,4.88,4.74,4.72,86408,4072,4.79185714
2004.06.28 10:00:00,4.74,4.78,4.7,4.7,100541,4603,4.74371429
2004.06.28 11:00:00,4.7,4.86,4.69,4.67,120365,5376,4.685
2004.06.28 12:00:00,4.69,4.71,4.68,4.67,48790,2248,4.68857143
2004.06.28 13:00:00,4.68,4.71,4.69,4.68,54103,2553,4.69785714
2004.06.28 14:00:00,4.69,4.7,4.66,4.65,77735,3390,4.67714286
2004.06.28 15:00:00,4.66,4.66,4.64,4.6,129416,5499,4.62914286
2004.06.29 09:30:00,4.59,4.59,4.56,4.49,150318,5450,4.53957143
2004.06.29 10:00:00,4.56,4.56,4.55,4.52,171185,4809,4.54057143
2004.06.29 11:00:00,4.56,4.58,4.56,4.55,62251,2505,4.56414286
2004.06.29 12:00:00,4.57,4.58,4.57,4.56,53732,2143,4.56928571
2004.06.29 13:00:00,4.57,4.59,4.58,4.56,38059,1542,4.57371429
2004.06.29 14:00:00,4.58,4.6,4.59,4.58,94248,2982,4.59128571
2004.06.29 15:00:00,4.59,4.71,4.64,4.59,122675,4469,4.63728571
2004.06.30 09:30:00,4.65,4.71,4.69,4.6,46466,2369,4.66628571
2004.06.30 10:00:00,4.69,4.69,4.62,4.61,44121,2517,4.64957143
2004.06.30 11:00:00,4.62,4.63,4.6,4.57,34762,1742,4.60185714
2004.06.30 12:00:00,4.59,4.6,4.57,4.56,26712,1110,4.58257143
2004.06.30 13:00:00,4.56,4.58,4.58,4.56,48811,1491,4.57528571
2004.06.30 14:00:00,4.58,4.6,4.58,4.56,72583,3819,4.58257143
2004.06.30 15:00:00,4.58,4.68,4.64,4.58,146097,5511,4.63942857
2004.07.01 09:30:00,4.59,4.61,4.59,4.56,74431,2025,4.58157143
2004.07.01 10:00:00,4.59,4.64,4.62,4.59,61278,2443,4.62314286
2004.07.01 11:00:00,4.62,4.62,4.58,4.57,66990,2872,4.59571429
2004.07.01 12:00:00,4.58,4.61,4.61,4.58,37555,1668,4.59071429
2004.07.01 13:00:00,4.6,4.6,4.59,4.58,27510,1358,4.59514286
2004.07.01 14:00:00,4.59,4.62,4.61,4.58,45108,2292,4.59714286
2004.07.01 15:00:00,4.61,4.64,4.61,4.6,93688,3317,4.61914286
2004.07.02 09:30:00,4.35,4.38,4.3,4.25,281169,9063,4.30657143
2004.07.02 10:00:00,4.3,4.4,4.35,4.27,332955,9975,4.339
2004.07.02 11:00:00,4.35,4.42,4.41,4.33,122864,4792,4.37314286
2004.07.02 12:00:00,4.41,4.45,4.43,4.4,117901,4265,4.43128571
2004.07.02 13:00:00,4.43,4.44,4.43,4.4,39032,1664,4.42542857
2004.07.02 14:00:00,4.43,4.44,4.42,4.42,39620,1827,4.43071429
2004.07.02 15:00:00,4.42,4.45,4.44,4.39,95970,4189,4.42671429
2004.07.06 09:30:00,4.46,4.47,4.46,4.42,57449,2417,4.44428571
2004.07.06 10:00:00,4.46,4.49,4.45,4.44,82691,4072,4.47
2004.07.06 11:00:00,4.45,4.47,4.45,4.43,64449,3189,4.44957143
2004.07.06 12:00:00,4.45,4.45,4.45,4.44,28574,1578,4.44557143
2004.07.06 13:00:00,4.45,4.45,4.43,4.43,22680,1278,4.44028571
2004.07.06 14:00:00,4.43,4.43,4.42,4.4,43631,2483,4.42014286
2004.07.06 15:00:00,4.42,4.46,4.42,4.41,98035,4110,4.43514286
2004.07.07 09:30:00,4.4,4.48,4.45,4.4,49462,2266,4.448
2004.07.07 10:00:00,4.45,4.47,4.39,4.39,59388,2746,4.43514286
2004.07.07 11:00:00,4.39,4.4,4.33,4.32,110159,4707,4.34428571
2004.07.07 12:00:00,4.33,4.34,4.33,4.3,60438,2627,4.31971429
2004.07.07 13:00:00,4.33,4.35,4.34,4.32,30828,1681,4.34014286
2004.07.07 14:00:00,4.34,4.34,4.32,4.31,55083,2597,4.329
2004.07.07 15:00:00,4.32,4.34,4.33,4.31,97349,3314,4.32128571
2004.07.08 09:30:00,4.31,4.34,4.32,4.28,34377,1872,4.31128571
2004.07.08 10:00:00,4.32,4.36,4.34,4.32,40026,2597,4.33985714
2004.07.08 11:00:00,4.34,4.37,4.37,4.34,49588,1781,4.36128571
2004.07.08 12:00:00,4.37,4.38,4.34,4.33,22288,1329,4.362
2004.07.08 13:00:00,4.34,4.37,4.32,4.31,36680,1381,4.342
2004.07.08 14:00:00,4.32,4.33,4.33,4.3,30569,1873,4.31214286
2004.07.08 15:00:00,4.33,4.33,4.29,4.29,53158,2514,4.30642857
2004.07.09 09:30:00,4.33,4.36,4.33,4.31,22106,1030,4.33871429
2004.07.09 10:00:00,4.33,4.35,4.31,4.31,32627,1737,4.33
2004.07.09 11:00:00,4.31,4.35,4.34,4.31,25186,1588,4.33971429
2004.07.09 12:00:00,4.34,4.34,4.34,4.33,20517,953,4.33842857
2004.07.09 13:00:00,4.34,4.34,4.34,4.33,11270,788,4.33557143
2004.07.09 14:00:00,4.34,4.34,4.32,4.31,19159,1113,4.32814286
2004.07.09 15:00:00,4.32,4.35,4.3,4.29,84035,2991,4.31857143
2004.07.12 09:30:00,4.29,4.29,4.22,4.22,51149,2343,4.255
2004.07.12 10:00:00,4.22,4.23,4.21,4.19,109858,4075,4.214
2004.07.12 11:00:00,4.21,4.23,4.17,4.15,113491,4152,4.18985714
2004.07.12 12:00:00,4.17,4.18,4.18,4.15,81515,3047,4.163
2004.07.12 13:00:00,4.18,4.19,4.16,4.13,67907,2502,4.15785714
2004.07.12 14:00:00,4.16,4.19,4.17,4.15,69860,2947,4.16885714
2004.07.12 15:00:00,4.17,4.17,4.16,4.14,113799,4167,4.16014286
2004.07.13 09:30:00,4.18,4.23,4.21,4.17,87521,2292,4.20257143
2004.07.13 10:00:00,4.21,4.21,4.2,4.17,53466,2383,4.19585714
2004.07.13 11:00:00,4.2,4.2,4.19,4.18,27839,1504,4.19471429
2004.07.13 12:00:00,4.19,4.21,4.2,4.19,32963,1666,4.19928571
2004.07.13 13:00:00,4.2,4.2,4.18,4.17,46977,2336,4.18128571
2004.07.13 14:00:00,4.18,4.19,4.15,4.15,50799,2436,4.17214286
2004.07.13 15:00:00,4.15,4.19,4.17,4.15,62279,3020,4.17242857
2004.07.14 09:30:00,4.11,4.18,4.16,4.11,72422,2357,4.15242857
2004.07.14 10:00:00,4.16,4.25,4.21,4.16,111559,4350,4.19257143
2004.07.14 11:00:00,4.22,4.23,4.21,4.2,71939,2810,4.21457143
2004.07.14 12:00:00,4.21,4.27,4.21,4.19,157045,4618,4.22771429
2004.07.14 13:00:00,4.21,4.25,4.23,4.2,71134,2957,4.21814286
2004.07.14 14:00:00,4.23,4.28,4.26,4.23,137900,4033,4.25657143
2004.07.14 15:00:00,4.25,4.28,4.23,4.21,199493,6546,4.24585714
2004.07.15 09:30:00,4.66,4.8,4.71,4.65,690942,17186,4.73185714
2004.07.15 10:00:00,4.71,4.73,4.65,4.64,460292,14277,4.68971429
2004.07.15 11:00:00,4.65,4.68,4.64,4.59,292838,9784,4.62628571
2004.07.15 12:00:00,4.64,4.78,4.71,4.64,192668,7396,4.69114286
2004.07.15 13:00:00,4.71,4.74,4.72,4.7,138978,5079,4.71814286
2004.07.15 14:00:00,4.72,4.85,4.72,4.7,129066,5542,4.71871429
2004.07.15 15:00:00,4.72,4.74,4.7,4.68,203623,6329,4.71271429
2004.07.16 09:30:00,4.69,4.7,4.66,4.64,94136,3291,4.66385714
2004.07.16 10:00:00,4.66,4.69,4.64,4.63,117348,4088,4.65385714
2004.07.16 11:00:00,4.64,4.69,4.66,4.64,55636,2564,4.65957143
2004.07.16 12:00:00,4.66,4.67,4.66,4.65,39249,1644,4.66014286
2004.07.16 13:00:00,4.66,4.66,4.66,4.64,23877,1382,4.65471429
2004.07.16 14:00:00,4.66,4.66,4.65,4.64,46564,2481,4.64857143
2004.07.16 15:00:00,4.65,4.65,4.6,4.59,147392,5163,4.62342857
2004.07.19 09:30:00,4.58,4.58,4.56,4.53,133266,3731,4.56085714
2004.07.19 10:00:00,4.56,4.59,4.58,4.55,97860,3101,4.56442857
2004.07.19 11:00:00,4.58,4.6,4.57,4.57,93478,2777,4.58242857
2004.07.19 12:00:00,4.57,4.58,4.55,4.55,68789,2147,4.56714286
2004.07.19 13:00:00,4.55,4.56,4.53,4.52,61201,2053,4.54214286
2004.07.19 14:00:00,4.53,4.59,4.58,4.53,106491,2969,4.56414286
2004.07.19 15:00:00,4.58,4.59,4.56,4.55,64820,2606,4.57485714
2004.07.20 09:30:00,4.56,4.57,4.53,4.51,50288,1511,4.54585714
2004.07.20 10:00:00,4.53,4.55,4.54,4.51,43540,1709,4.52971429
2004.07.20 11:00:00,4.54,4.57,4.56,4.54,46382,1701,4.55285714
2004.07.20 12:00:00,4.56,4.58,4.57,4.56,34930,1086,4.57071429
2004.07.20 13:00:00,4.57,4.58,4.57,4.53,31843,895,4.56742857
2004.07.20 14:00:00,4.57,4.59,4.57,4.57,61222,2316,4.57957143
2004.07.20 15:00:00,4.57,4.6,4.6,4.57,52052,2591,4.57971429
2004.07.21 09:30:00,4.63,4.67,4.64,4.6,56280,2624,4.64914286
2004.07.21 10:00:00,4.64,4.67,4.6,4.59,50253,2543,4.63785714
2004.07.21 11:00:00,4.6,4.61,4.59,4.57,26544,1470,4.59171429
2004.07.21 12:00:00,4.59,4.61,4.6,4.57,23079,1327,4.585
2004.07.21 13:00:00,4.6,4.6,4.58,4.56,25165,1445,4.574
2004.07.21 14:00:00,4.58,4.59,4.55,4.54,58548,2351,4.56528571
2004.07.21 15:00:00,4.54,4.55,4.52,4.48,103446,4690,4.52457143
2004.07.22 09:30:00,4.47,4.5,4.49,4.45,66150,2255,4.47357143
2004.07.22 10:00:00,4.49,4.51,4.49,4.48,94164,3003,4.49
2004.07.22 11:00:00,4.49,4.49,4.46,4.44,49273,2292,4.46228571
2004.07.22 12:00:00,4.46,4.5,4.48,4.45,50148,2257,4.47942857
2004.07.22 13:00:00,4.47,4.49,4.48,4.47,11935,677,4.47614286
2004.07.22 14:00:00,4.48,4.52,4.51,4.48,35700,1925,4.49714286
2004.07.22 15:00:00,4.51,4.53,4.52,4.49,68964,2996,4.51185714
2004.07.23 09:30:00,4.52,4.54,4.45,4.45,23891,1179,4.491
2004.07.23 10:00:00,4.45,4.5,4.49,4.42,69545,3469,4.45814286
2004.07.23 11:00:00,4.49,4.5,4.45,4.41,41769,2357,4.44885714
2004.07.23 12:00:00,4.45,4.45,4.44,4.41,30135,1378,4.42285714
2004.07.23 13:00:00,4.43,4.46,4.39,4.39,32613,1686,4.42271429
2004.07.23 14:00:00,4.39,4.41,4.39,4.38,50015,2452,4.38757143
2004.07.23 15:00:00,4.39,4.41,4.38,4.35,81207,4292,4.37728571
2004.07.26 09:30:00,4.41,4.49,4.45,4.4,62076,1991,4.45057143
2004.07.26 10:00:00,4.45,4.49,4.46,4.41,84952,3848,4.45942857
2004.07.26 11:00:00,4.46,4.46,4.45,4.4,57638,3038,4.43771429
2004.07.26 12:00:00,4.45,4.46,4.45,4.44,64239,2092,4.44928571
2004.07.26 13:00:00,4.45,4.45,4.44,4.42,39767,1845,4.43914286
2004.07.26 14:00:00,4.44,4.45,4.43,4.41,42385,2287,4.43342857
2004.07.26 15:00:00,4.43,4.48,4.47,4.42,98014,3594,4.45314286
2004.07.27 09:30:00,4.54,4.55,4.52,4.51,39424,1324,4.52985714
2004.07.27 10:00:00,4.52,4.61,4.56,4.51,155491,5629,4.56857143
2004.07.27 11:00:00,4.56,4.61,4.6,4.55,61607,2704,4.57871429
2004.07.27 12:00:00,4.6,4.63,4.62,4.59,33194,2054,4.61214286
2004.07.27 13:00:00,4.62,4.63,4.6,4.58,30324,1804,4.60328571
2004.07.27 14:00:00,4.6,4.67,4.67,4.59,58716,3187,4.63342857
2004.07.27 15:00:00,4.67,4.68,4.63,4.63,103859,4194,4.65285714
2004.07.28 09:30:00,4.61,4.62,4.6,4.57,31262,1355,4.59457143
2004.07.28 10:00:00,4.6,4.61,4.53,4.5,54110,3115,4.55042857
2004.07.28 11:00:00,4.53,4.58,4.5,4.48,50939,2907,4.52442857
2004.07.28 12:00:00,4.5,4.52,4.49,4.45,45416,2271,4.48314286
2004.07.28 13:00:00,4.49,4.53,4.53,4.48,30828,1478,4.51614286
2004.07.28 14:00:00,4.53,4.59,4.57,4.52,47733,2541,4.55385714
2004.07.28 15:00:00,4.57,4.63,4.61,4.55,77763,4021,4.60014286
2004.07.29 09:30:00,4.65,4.66,4.64,4.64,29932,1286,4.64757143
2004.07.29 10:00:00,4.64,4.65,4.62,4.59,53767,2495,4.63028571
2004.07.29 11:00:00,4.62,4.63,4.6,4.59,20650,1345,4.61128571
2004.07.29 12:00:00,4.6,4.66,4.66,4.59,35371,2053,4.63614286
2004.07.29 13:00:00,4.66,4.69,4.66,4.65,41335,1829,4.66985714
2004.07.29 14:00:00,4.66,4.67,4.67,4.64,31080,1955,4.649
2004.07.29 15:00:00,4.67,4.69,4.66,4.65,48867,2803,4.66814286
2004.07.30 09:30:00,4.67,4.68,4.65,4.64,17815,908,4.65928571
2004.07.30 10:00:00,4.65,4.71,4.71,4.62,73507,3188,4.66371429
2004.07.30 11:00:00,4.71,4.71,4.7,4.69,44604,1877,4.70657143
2004.07.30 12:00:00,4.7,4.71,4.68,4.67,32704,1499,4.68528571
2004.07.30 13:00:00,4.68,4.69,4.67,4.66,23086,1157,4.67285714
2004.07.30 14:00:00,4.67,4.68,4.65,4.64,29456,1532,4.66557143
2004.07.30 15:00:00,4.65,4.65,4.63,4.57,69195,3111,4.635
2004.08.02 09:30:00,4.46,4.6,4.57,4.43,85064,3562,4.51714286
2004.08.02 10:00:00,4.57,4.57,4.51,4.51,70560,2952,4.53214286
2004.08.02 11:00:00,4.51,4.52,4.51,4.51,43729,1787,4.51542857
2004.08.02 12:00:00,4.51,4.52,4.51,4.51,22855,1085,4.51242857
2004.08.02 13:00:00,4.51,4.53,4.52,4.51,52199,2204,4.52
2004.08.02 14:00:00,4.52,4.53,4.5,4.5,68243,2671,4.51742857
2004.08.02 15:00:00,4.5,4.53,4.5,4.49,89761,3780,4.50885714
2004.08.03 09:30:00,4.5,4.52,4.49,4.48,33110,1441,4.50057143
2004.08.03 10:00:00,4.48,4.5,4.47,4.45,43967,2332,4.46857143
2004.08.03 11:00:00,4.47,4.5,4.5,4.46,31360,1506,4.47757143
2004.08.03 12:00:00,4.5,4.53,4.49,4.48,32116,1572,4.50828571
2004.08.03 13:00:00,4.49,4.5,4.5,4.48,23569,1273,4.49228571
2004.08.03 14:00:00,4.5,4.5,4.49,4.46,26019,1634,4.48257143
2004.08.03 15:00:00,4.49,4.51,4.47,4.46,59591,2899,4.48428571
2004.08.04 09:30:00,4.47,4.51,4.49,4.46,34755,1468,4.48671429
2004.08.04 10:00:00,4.49,4.5,4.47,4.47,30366,1707,4.48428571
2004.08.04 11:00:00,4.47,4.51,4.51,4.46,43841,1651,4.49471429
2004.08.04 12:00:00,4.51,4.53,4.52,4.51,51415,1078,4.51442857
2004.08.04 13:00:00,4.52,4.55,4.55,4.52,44555,1731,4.53457143
2004.08.04 14:00:00,4.55,4.59,4.57,4.55,58023,2231,4.57542857
2004.08.04 15:00:00,4.57,4.58,4.54,4.54,61558,2480,4.567
2004.08.05 15:00:00,4.49,4.5,4.49,4.46,33586,1796,4.48814286
2004.08.06 09:30:00,4.42,4.44,4.39,4.38,58359,2275,4.41157143
2004.08.06 10:00:00,4.39,4.4,4.32,4.31,117642,4715,4.34871429
2004.08.06 11:00:00,4.33,4.37,4.36,4.31,56427,2444,4.343
2004.08.06 12:00:00,4.36,4.41,4.4,4.36,71680,2303,4.38642857
2004.08.06 13:00:00,4.4,4.4,4.32,4.31,54215,1983,4.35557143
2004.08.06 14:00:00,4.32,4.34,4.31,4.31,56154,2603,4.32114286
2004.08.06 15:00:00,4.31,4.32,4.25,4.24,164969,6226,4.27814286
2004.08.09 09:30:00,4.26,4.35,4.28,4.26,49035,2355,4.30642857
2004.08.09 10:00:00,4.28,4.33,4.32,4.28,49658,2250,4.30885714
2004.08.09 11:00:00,4.32,4.32,4.3,4.3,24661,1022,4.308
2004.08.09 12:00:00,4.3,4.32,4.32,4.29,35602,1238,4.30471429
2004.08.09 13:00:00,4.32,4.33,4.32,4.31,26278,1006,4.31785714
2004.08.09 14:00:00,4.32,4.33,4.31,4.3,52052,1698,4.31428571
2004.08.09 15:00:00,4.31,4.34,4.32,4.31,85547,2962,4.32514286
2004.08.10 09:30:00,4.34,4.38,4.35,4.34,24374,1040,4.35114286
2004.08.10 10:00:00,4.35,4.39,4.39,4.34,58324,1914,4.36357143
2004.08.10 11:00:00,4.39,4.44,4.43,4.39,55531,2167,4.41771429
2004.08.10 12:00:00,4.43,4.43,4.42,4.42,18697,814,4.42357143
2004.08.10 13:00:00,4.42,4.43,4.42,4.42,25452,861,4.42114286
2004.08.10 14:00:00,4.42,4.44,4.42,4.37,78715,3292,4.40557143
2004.08.10 15:00:00,4.42,4.51,4.49,4.42,110586,4528,4.47885714
2004.08.11 09:30:00,4.43,4.45,4.37,4.36,58380,2214,4.41128571
2004.08.11 10:00:00,4.37,4.4,4.39,4.33,76692,3016,4.36157143
2004.08.11 11:00:00,4.39,4.4,4.35,4.33,37240,1890,4.36228571
2004.08.11 12:00:00,4.35,4.37,4.37,4.32,27062,1359,4.34585714
2004.08.11 13:00:00,4.37,4.39,4.37,4.34,42525,1752,4.36885714
2004.08.11 14:00:00,4.37,4.39,4.39,4.34,67025,1740,4.36628571
2004.08.11 15:00:00,4.39,4.43,4.43,4.39,75957,2760,4.41642857
2004.08.12 09:30:00,4.35,4.38,4.36,4.33,28217,1580,4.35771429
2004.08.12 10:00:00,4.36,4.36,4.35,4.33,36918,1860,4.34471429
2004.08.12 11:00:00,4.35,4.41,4.37,4.35,49553,2229,4.38085714
2004.08.12 12:00:00,4.37,4.37,4.37,4.36,27552,989,4.36657143
2004.08.12 13:00:00,4.37,4.37,4.35,4.35,37800,1782,4.358
2004.08.12 14:00:00,4.35,4.38,4.36,4.34,40859,1942,4.35514286
2004.08.12 15:00:00,4.36,4.36,4.34,4.33,43015,2568,4.34542857
2004.08.13 09:30:00,4.37,4.47,4.45,4.37,41370,1920,4.41985714
2004.08.13 10:00:00,4.45,4.46,4.45,4.42,41874,2541,4.43585714
2004.08.13 11:00:00,4.45,4.46,4.43,4.42,42315,2072,4.44142857
2004.08.13 12:00:00,4.43,4.43,4.37,4.36,55930,2682,4.38914286
2004.08.13 13:00:00,4.37,4.38,4.38,4.34,36967,1402,4.36085714
2004.08.13 14:00:00,4.38,4.4,4.38,4.35,53809,2364,4.37271429
2004.08.13 15:00:00,4.39,4.44,4.4,4.38,94311,3848,4.40485714
2004.08.16 09:30:00,4.41,4.49,4.47,4.41,38430,1817,4.45157143
2004.08.16 10:00:00,4.47,4.53,4.47,4.46,83251,3881,4.49457143
2004.08.16 11:00:00,4.47,4.53,4.52,4.47,40257,1637,4.50585714
2004.08.16 12:00:00,4.52,4.52,4.5,4.5,40789,1566,4.50857143
2004.08.16 13:00:00,4.5,4.5,4.5,4.47,30828,1252,4.492
2004.08.16 14:00:00,4.5,4.52,4.45,4.42,128632,4299,4.46171429
2004.08.16 15:00:00,4.45,4.46,4.4,4.38,123228,4809,4.40742857
2004.08.17 09:30:00,4.37,4.41,4.39,4.34,71484,3199,4.36757143
2004.08.17 10:00:00,4.39,4.42,4.38,4.36,72261,3018,4.38585714
2004.08.17 11:00:00,4.38,4.43,4.41,4.36,75950,2672,4.39885714
2004.08.17 12:00:00,4.41,4.45,4.44,4.41,30667,1597,4.42928571
2004.08.17 13:00:00,4.44,4.45,4.43,4.42,39431,1692,4.43414286
2004.08.17 14:00:00,4.43,4.43,4.42,4.4,42546,1675,4.414
2004.08.17 15:00:00,4.42,4.42,4.41,4.39,51793,2018,4.40157143
2004.08.18 09:30:00,4.36,4.43,4.41,4.36,35784,1703,4.39814286
2004.08.18 10:00:00,4.41,4.51,4.49,4.41,99883,4006,4.46385714
2004.08.18 11:00:00,4.49,4.5,4.49,4.47,32312,1352,4.48471429
2004.08.18 12:00:00,4.49,4.54,4.52,4.49,35882,1768,4.51757143
2004.08.18 13:00:00,4.52,4.54,4.52,4.5,53914,2010,4.51928571
2004.08.18 14:00:00,4.52,4.54,4.52,4.5,53158,1885,4.51685714
2004.08.18 15:00:00,4.52,4.55,4.54,4.5,119511,3344,4.52428571
2004.08.19 09:30:00,4.51,4.55,4.53,4.48,33271,1718,4.51057143
2004.08.19 10:00:00,4.53,4.54,4.45,4.44,115136,3914,4.47428571
2004.08.19 11:00:00,4.45,4.47,4.45,4.45,40110,1739,4.45671429
2004.08.19 12:00:00,4.45,4.46,4.45,4.43,20475,1316,4.44571429
2004.08.19 13:00:00,4.45,4.46,4.43,4.43,48951,1805,4.45028571
2004.08.19 14:00:00,4.43,4.44,4.36,4.34,105322,3971,4.38
2004.08.19 15:00:00,4.35,4.4,4.38,4.34,99316,3858,4.376
2004.08.20 09:30:00,4.38,4.42,4.4,4.37,41741,1612,4.38671429
2004.08.20 10:00:00,4.4,4.42,4.37,4.36,72919,2635,4.38928571
2004.08.20 11:00:00,4.37,4.38,4.37,4.37,34454,1165,4.37357143
2004.08.20 12:00:00,4.37,4.39,4.39,4.36,32788,1346,4.37157143
2004.08.20 13:00:00,4.39,4.41,4.4,4.39,40222,1197,4.39942857
2004.08.20 14:00:00,4.4,4.42,4.41,4.39,58156,1554,4.41042857
2004.08.20 15:00:00,4.41,4.43,4.4,4.39,96992,2403,4.416
2004.08.23 09:30:00,4.41,4.41,4.4,4.37,31955,1601,4.39328571
2004.08.23 10:00:00,4.39,4.47,4.45,4.39,50260,2731,4.43442857
2004.08.23 11:00:00,4.45,4.45,4.42,4.42,41762,1980,4.43
2004.08.23 12:00:00,4.42,4.43,4.41,4.39,29799,1409,4.409
2004.08.23 13:00:00,4.41,4.44,4.43,4.4,46368,1611,4.42
2004.08.23 14:00:00,4.43,4.44,4.41,4.41,37569,1630,4.429
2004.08.23 15:00:00,4.41,4.44,4.44,4.39,61908,2813,4.41685714
2004.08.24 09:30:00,4.46,4.49,4.47,4.46,29169,1598,4.47114286
2004.08.24 10:00:00,4.47,4.5,4.47,4.46,73136,2719,4.47985714
2004.08.24 11:00:00,4.47,4.49,4.49,4.46,48090,2465,4.47428571
2004.08.24 12:00:00,4.49,4.5,4.5,4.48,58506,2347,4.48828571
2004.08.24 13:00:00,4.5,4.54,4.54,4.49,77602,3014,4.52328571
2004.08.24 14:00:00,4.54,4.54,4.53,4.52,48076,2059,4.53214286
2004.08.24 15:00:00,4.53,4.56,4.56,4.51,99274,3138,4.53371429
2004.08.25 09:30:00,4.56,4.57,4.55,4.54,44688,2086,4.55514286
2004.08.25 10:00:00,4.54,4.59,4.57,4.53,92351,3205,4.56714286
2004.08.25 11:00:00,4.57,4.59,4.58,4.56,52633,1866,4.57571429
2004.08.25 12:00:00,4.58,4.68,4.66,4.58,96180,4576,4.63942857
2004.08.25 13:00:00,4.66,4.68,4.67,4.65,61103,2355,4.66114286
2004.08.25 14:00:00,4.67,4.72,4.72,4.67,108255,4140,4.704
2004.08.25 15:00:00,4.72,4.74,4.72,4.69,143731,4025,4.721
2004.08.26 09:30:00,4.73,4.76,4.75,4.68,96705,2989,4.72257143
2004.08.26 10:00:00,4.74,4.85,4.84,4.74,165606,6640,4.80685714
2004.08.26 11:00:00,4.84,4.95,4.94,4.84,227556,8068,4.88514286
2004.08.26 12:00:00,4.94,5.03,4.98,4.91,266000,8848,4.97657143
2004.08.26 13:00:00,4.98,4.98,4.97,4.93,104692,4111,4.94685714
2004.08.26 14:00:00,4.97,4.98,4.96,4.93,132020,4542,4.961
2004.08.26 15:00:00,4.96,5,4.95,4.95,170506,5863,4.97742857
2004.08.27 09:30:00,4.94,4.97,4.94,4.92,71351,2919,4.939
2004.08.27 10:00:00,4.94,4.96,4.87,4.86,124103,4516,4.907
2004.08.27 11:00:00,4.87,4.89,4.88,4.86,79534,2988,4.87371429
2004.08.27 12:00:00,4.88,4.88,4.88,4.87,31444,999,4.87571429
2004.08.27 13:00:00,4.88,4.9,4.9,4.88,30177,1247,4.88628571
2004.08.27 14:00:00,4.9,4.91,4.9,4.47,43624,1587,4.89771429
2004.08.27 15:00:00,4.9,4.92,4.91,4.88,71449,2652,4.904
2004.08.30 09:30:00,4.86,4.96,4.95,4.85,52283,2342,4.903
2004.08.30 10:00:00,4.94,4.95,4.88,4.87,54999,2973,4.906
2004.08.30 11:00:00,4.88,4.95,4.92,4.87,25991,1511,4.91028571
2004.08.30 12:00:00,4.92,4.93,4.93,4.89,24605,1037,4.90642857
2004.08.30 13:00:00,4.93,5.08,4.92,4.92,27734,1308,4.93471429
2004.08.30 14:00:00,4.92,4.93,4.89,4.89,21784,1257,4.90857143
2004.08.30 15:00:00,4.89,4.9,4.87,4.87,42000,2215,4.88528571
2004.08.31 09:30:00,4.87,4.99,4.99,4.86,96117,4429,4.94471429
2004.08.31 10:00:00,4.98,4.99,4.91,4.9,80514,4241,4.95028571
2004.08.31 11:00:00,4.91,4.91,4.87,4.86,73556,3373,4.87428571
2004.08.31 12:00:00,4.87,4.9,4.88,4.86,31402,1674,4.88657143
2004.08.31 13:00:00,4.88,4.89,4.89,4.86,23562,1316,4.87514286
2004.08.31 14:00:00,4.88,4.9,4.89,4.87,59591,2280,4.88714286
2004.08.31 15:00:00,4.89,4.92,4.92,4.88,63161,3114,4.89928571
2004.09.01 09:30:00,4.9,4.93,4.93,4.88,36596,1864,4.91628571
2004.09.01 10:00:00,4.93,5.01,4.99,4.93,77140,3980,4.98528571
2004.09.01 11:00:00,4.99,5.01,5.01,4.95,39718,2036,4.98185714
2004.09.01 12:00:00,5.01,5.13,5.1,4.92,171696,6812,5.081
2004.09.01 13:00:00,5.1,5.14,5.1,5.03,134771,6901,5.09042857
2004.09.01 14:00:00,5.09,5.12,5.12,5.07,61110,3039,5.09042857
2004.09.01 15:00:00,5.12,5.13,5.12,5.07,100170,4487,5.10328571
2004.09.02 09:30:00,5.07,5.11,5.05,5.04,70980,2886,5.07214286
2004.09.02 10:00:00,5.05,5.08,5.06,5.04,78568,3199,5.05885714
2004.09.02 11:00:00,5.06,5.06,5,4.99,73248,3153,5.01742857
2004.09.02 12:00:00,5,5.01,4.99,4.98,31185,1559,4.99257143
2004.09.02 13:00:00,5,5.02,5.02,4.99,26187,1179,5.00414286
2004.09.02 14:00:00,5.02,5.06,5.04,5.01,61446,3048,5.033
2004.09.02 15:00:00,5.04,5.12,5.1,4.93,131901,5409,5.07742857
2004.09.03 09:30:00,5.01,5.09,5.08,5,55769,2691,5.061
2004.09.03 10:00:00,5.08,5.13,5.08,5.07,80822,3932,5.10042857
2004.09.03 11:00:00,5.08,5.13,5.08,5.05,50617,2654,5.074
2004.09.03 12:00:00,5.08,5.08,5.08,5.06,24703,1315,5.07428571
2004.09.03 13:00:00,5.07,5.11,5.08,5.07,31164,1397,5.09
2004.09.03 14:00:00,5.08,5.09,5.06,5.06,31360,1503,5.07385714
2004.09.03 15:00:00,5.06,5.06,5.03,5.03,74361,3155,5.04642857
2004.09.07 09:30:00,5.06,5.12,5.11,5.03,42777,2016,5.07442857
2004.09.07 10:00:00,5.11,5.13,5.09,5.07,73640,3410,5.10928571
2004.09.07 11:00:00,5.09,5.14,5.14,5.08,54831,2442,5.11885714
2004.09.07 12:00:00,5.14,5.17,5.14,5.13,54754,2618,5.14571429
2004.09.07 13:00:00,5.14,5.15,5.12,5.12,30044,1600,5.136
2004.09.07 14:00:00,5.12,5.14,5.1,5.07,58100,2843,5.10785714
2004.09.07 15:00:00,5.1,5.12,5.12,5.09,46732,2597,5.10371429
2004.09.08 09:30:00,5.1,5.16,5.15,5.1,60172,2371,5.13942857
2004.09.08 10:00:00,5.15,5.22,5.18,5.13,120386,5484,5.19014286
2004.09.08 11:00:00,5.19,5.22,5.17,5.16,54278,2523,5.18971429
2004.09.08 12:00:00,5.17,5.19,5.16,5.15,37100,2026,5.16657143
2004.09.08 13:00:00,5.16,5.21,5.2,5.16,28497,1638,5.185
2004.09.08 14:00:00,5.2,5.22,5.2,5.19,47068,2609,5.20685714
2004.09.08 15:00:00,5.2,5.21,5.19,5.18,62720,2698,5.198
2004.09.09 09:30:00,5.16,5.19,5.15,5.12,84525,3419,5.15285714
2004.09.09 10:00:00,5.15,5.16,5.12,5.12,72982,2877,5.13571429
2004.09.09 11:00:00,5.12,5.13,5.09,5.08,67823,2457,5.10057143
2004.09.09 12:00:00,5.09,5.1,5.06,5.04,106071,3298,5.071
2004.09.09 13:00:00,5.06,5.1,5.08,5.06,56210,2844,5.07985714
2004.09.09 14:00:00,5.08,5.12,5.12,5.08,54278,2227,5.09628571
2004.09.09 15:00:00,5.12,5.12,5.1,5.08,113267,3304,5.10785714
2004.09.10 09:30:00,5.1,5.18,5.14,5.09,63945,3253,5.13928571
2004.09.10 10:00:00,5.14,5.17,5.14,5.12,70504,3317,5.14342857
2004.09.10 11:00:00,5.14,5.14,5.13,5.12,40894,1745,5.136
2004.09.10 12:00:00,5.13,5.13,5.12,5.09,39200,1992,5.10857143
2004.09.10 13:00:00,5.12,5.12,5.07,5.07,38325,2187,5.10057143
2004.09.10 14:00:00,5.07,5.12,5.11,5.07,42567,2383,5.09885714
2004.09.10 15:00:00,5.11,5.13,5.12,5.1,63203,2726,5.11157143
2004.09.13 09:30:00,5.12,5.15,5.14,5.1,38815,1857,5.12771429
2004.09.13 10:00:00,5.14,5.15,5.14,5.11,51954,2645,5.12842857
2004.09.13 11:00:00,5.13,5.15,5.14,5.01,58464,1697,5.13657143
2004.09.13 12:00:00,5.14,5.14,5.13,5.13,12313,853,5.136
2004.09.13 13:00:00,5.13,5.14,5.12,5.12,18445,1167,5.13042857
2004.09.13 14:00:00,5.12,5.14,5.1,5.1,27013,1779,5.11385714
2004.09.13 15:00:00,5.1,5.13,5.07,5.05,103579,4398,5.07014286
2004.09.14 09:30:00,5.04,5.05,5.02,4.97,87213,4662,5.01485714
2004.09.14 10:00:00,5.02,5.04,5.01,5.01,44716,2342,5.02628571
2004.09.14 11:00:00,5.01,5.05,5.05,5.01,30373,1604,5.03257143
2004.09.14 12:00:00,5.05,5.07,5.07,5.04,42875,2037,5.05771429
2004.09.14 13:00:00,5.07,5.07,5.05,5.04,23478,1229,5.058
2004.09.14 14:00:00,5.05,5.07,5.06,5.05,18025,983,5.05757143
2004.09.14 15:00:00,5.06,5.08,5.07,5.04,50645,2369,5.05914286
2004.09.15 09:30:00,5.03,5.06,5.02,4.97,74291,3661,5.01071429
2004.09.15 10:00:00,5.02,5.03,5.01,4.99,45409,2229,5.00657143
2004.09.15 11:00:00,5.01,5.06,5.05,5.01,48692,2332,5.04185714
2004.09.15 12:00:00,5.05,5.07,5.04,5.02,27475,1385,5.046
2004.09.15 13:00:00,5.04,5.06,5.06,5.03,13125,982,5.04457143
2004.09.15 14:00:00,5.06,5.07,5.05,5.04,23492,1450,5.05757143
2004.09.15 15:00:00,5.05,5.05,5.02,5.02,33628,2154,5.03657143
2004.09.16 09:30:00,5.04,5.12,5.11,5.02,60529,2473,5.09414286
2004.09.16 10:00:00,5.11,5.25,5.18,5.1,169232,6751,5.18514286
2004.09.16 11:00:00,5.18,5.21,5.18,5.15,72814,2800,5.18571429
2004.09.16 12:00:00,5.18,5.23,5.19,5.15,57568,3008,5.19785714
2004.09.16 13:00:00,5.19,5.21,5.21,5.19,33887,1217,5.19985714
2004.09.16 14:00:00,5.21,5.21,5.17,5.17,50162,2353,5.18814286
2004.09.16 15:00:00,5.18,5.21,5.19,5.14,103684,4308,5.179
2004.09.17 09:30:00,5.22,5.27,5.21,5.2,84511,3949,5.23042857
2004.09.17 10:00:00,5.21,5.27,5.27,5.21,79646,3823,5.24685714
2004.09.17 11:00:00,5.27,5.31,5.3,5.26,110838,4796,5.29114286
2004.09.17 12:00:00,5.3,5.34,5.31,5.28,58373,2410,5.31914286
2004.09.17 13:00:00,5.31,5.32,5.3,5.28,50442,2014,5.30271429
2004.09.17 14:00:00,5.3,5.3,5.28,5.28,38647,1811,5.291
2004.09.17 15:00:00,5.28,5.31,5.31,5.27,100695,3742,5.28985714
2004.09.20 09:30:00,5.27,5.32,5.29,5.27,34699,1843,5.28771429
2004.09.20 10:00:00,5.29,5.39,5.37,5.29,56126,3190,5.34971429
2004.09.20 11:00:00,5.37,5.43,5.38,5.35,46270,2473,5.39
2004.09.20 12:00:00,5.38,5.39,5.38,5.37,21378,1081,5.38128571
2004.09.20 13:00:00,5.38,5.42,5.38,5.37,33124,1649,5.38514286
2004.09.20 14:00:00,5.38,5.4,5.39,5.37,32410,1823,5.38571429
2004.09.20 15:00:00,5.39,5.41,5.39,5.38,51821,2664,5.39342857
2004.09.21 09:30:00,5.4,5.44,5.4,5.36,43400,2350,5.39971429
2004.09.21 10:00:00,5.4,5.43,5.43,5.35,52689,2601,5.39142857
2004.09.21 11:00:00,5.42,5.46,5.44,5.42,42343,2187,5.43857143
2004.09.21 12:00:00,5.44,5.44,5.43,5.42,18354,1008,5.43114286
2004.09.21 13:00:00,5.43,5.47,5.47,5.42,45255,1682,5.44828571
2004.09.21 14:00:00,5.47,5.54,5.54,5.46,100506,5046,5.49914286
2004.09.21 15:00:00,5.54,5.55,5.5,5.47,151221,5954,5.51185714
2004.09.22 09:30:00,5.44,5.45,5.39,5.38,61194,2711,5.42114286
2004.09.22 10:00:00,5.39,5.4,5.31,5.28,110278,5555,5.341
2004.09.22 11:00:00,5.31,5.33,5.28,5.28,62293,2602,5.30728571
2004.09.22 12:00:00,5.28,5.34,5.31,5.26,90398,2465,5.30014286
2004.09.22 13:00:00,5.31,5.34,5.31,5.3,36274,1630,5.32228571
2004.09.22 14:00:00,5.31,5.31,5.29,5.28,48251,2432,5.29257143
2004.09.22 15:00:00,5.29,5.3,5.27,5.26,73500,3487,5.28371429
2004.09.23 09:30:00,5.29,5.32,5.31,5.28,87248,2588,5.30214286
2004.09.23 10:00:00,5.31,5.34,5.34,5.28,103397,4588,5.31271429
2004.09.23 11:00:00,5.34,5.35,5.33,5.31,45430,1889,5.33471429
2004.09.23 12:00:00,5.33,5.34,5.32,5.29,29400,1529,5.321
2004.09.23 13:00:00,5.32,5.34,5.32,5.3,46249,1915,5.32142857
2004.09.23 14:00:00,5.32,5.34,5.33,5.31,41643,2022,5.32514286
2004.09.23 15:00:00,5.33,5.36,5.32,5.32,111272,3822,5.34157143
2004.09.24 09:30:00,5.34,5.39,5.37,5.32,39137,2218,5.35214286
2004.09.24 10:00:00,5.37,5.4,5.4,5.35,65135,2398,5.37257143
2004.09.24 11:00:00,5.4,5.43,5.37,5.37,76790,2460,5.39928571
2004.09.24 12:00:00,5.37,5.38,5.37,5.33,82964,2475,5.35442857
2004.09.24 13:00:00,5.37,5.41,5.38,5.36,58184,2005,5.37957143
2004.09.24 14:00:00,5.38,5.39,5.33,5.31,63938,3132,5.34757143
2004.09.24 15:00:00,5.33,5.35,5.33,5.31,57232,3157,5.33142857
2004.09.27 09:30:00,5.28,5.3,5.3,5.26,74788,2870,5.27971429
2004.09.27 10:00:00,5.3,5.41,5.39,5.3,151802,5346,5.36385714
2004.09.27 11:00:00,5.39,5.43,5.42,5.39,88466,2924,5.41185714
2004.09.27 12:00:00,5.42,5.42,5.41,5.37,61306,2467,5.39871429
2004.09.27 13:00:00,5.41,5.41,5.4,5.38,21119,1163,5.39471429
2004.09.27 14:00:00,5.4,5.41,5.38,5.37,23247,1419,5.39257143
2004.09.27 15:00:00,5.39,5.39,5.36,5.35,54075,2531,5.37757143
2004.09.28 09:30:00,5.36,5.42,5.4,5.35,28371,1621,5.38585714
2004.09.28 10:00:00,5.4,5.44,5.42,5.39,80045,3763,5.42114286
2004.09.28 11:00:00,5.42,5.47,5.45,5.42,84959,3634,5.44742857
2004.09.28 12:00:00,5.45,5.46,5.43,5.43,36638,1515,5.44142857
2004.09.28 13:00:00,5.43,5.44,5.42,5.41,68327,2100,5.42371429
2004.09.28 14:00:00,5.42,5.44,5.43,5.42,48489,1952,5.42771429
2004.09.28 15:00:00,5.43,5.45,5.42,5.42,72009,2777,5.43771429
2004.09.29 09:30:00,5.42,5.5,5.49,5.4,28280,1776,5.456
2004.09.29 10:00:00,5.49,5.51,5.49,5.45,66969,3788,5.48471429
2004.09.29 11:00:00,5.5,5.5,5.48,5.46,26362,1327,5.47871429
2004.09.29 12:00:00,5.48,5.53,5.52,5.46,29134,1527,5.50028571
2004.09.29 13:00:00,5.52,5.55,5.51,5.5,55734,2721,5.53071429
2004.09.29 14:00:00,5.51,5.51,5.51,5.49,51492,2399,5.50228571
2004.09.29 15:00:00,5.51,5.53,5.52,5.51,62097,2826,5.51728571
2004.09.30 09:30:00,5.57,5.61,5.56,5.55,76986,2687,5.57614286
2004.09.30 10:00:00,5.56,5.71,5.54,5.54,71232,2552,5.56814286
2004.09.30 11:00:00,5.54,5.56,5.53,5.51,48384,2411,5.53442857
2004.09.30 12:00:00,5.53,5.53,5.5,5.5,27657,1464,5.51557143
2004.09.30 13:00:00,5.5,5.53,5.52,5.49,33488,1612,5.51957143
2004.09.30 14:00:00,5.52,5.57,5.54,5.51,51723,2274,5.533
2004.09.30 15:00:00,5.54,5.58,5.53,5.52,137683,4970,5.55457143
2004.10.01 09:30:00,5.6,5.6,5.52,5.51,59626,2244,5.54814286
2004.10.01 10:00:00,5.52,5.57,5.55,5.52,76797,3120,5.549
2004.10.01 11:00:00,5.55,5.57,5.55,5.53,58345,2572,5.55014286
2004.10.01 12:00:00,5.55,5.58,5.58,5.54,49329,2036,5.55742857
2004.10.01 13:00:00,5.58,5.59,5.57,5.56,57169,1893,5.57357143
2004.10.01 14:00:00,5.57,5.59,5.57,5.56,92421,2549,5.57542857
2004.10.01 15:00:00,5.57,5.57,5.52,5.52,106169,3667,5.55
2004.10.04 09:30:00,5.56,5.58,5.54,5.54,98735,3303,5.55585714
2004.10.04 10:00:00,5.55,5.6,5.56,5.55,155960,4752,5.56814286
2004.10.04 11:00:00,5.57,5.57,5.56,5.55,71589,2349,5.56185714
2004.10.04 12:00:00,5.56,5.56,5.56,5.54,47481,1922,5.55114286
2004.10.04 13:00:00,5.56,5.56,5.55,5.54,65324,2205,5.551
2004.10.04 14:00:00,5.55,5.56,5.55,5.54,45542,2340,5.55271429
2004.10.04 15:00:00,5.55,5.56,5.54,5.54,193977,3323,5.552
2004.10.05 09:30:00,5.51,5.56,5.55,5.49,45752,2146,5.52914286
2004.10.05 10:00:00,5.55,5.59,5.56,5.53,74725,3279,5.55957143
2004.10.05 11:00:00,5.56,5.57,5.55,5.54,41321,1854,5.55085714
2004.10.05 12:00:00,5.55,5.6,5.58,5.55,35910,1521,5.57414286
2004.10.05 13:00:00,5.58,5.63,5.6,5.58,53956,2167,5.607
2004.10.05 14:00:00,5.6,5.61,5.59,5.58,45864,2316,5.59528571
2004.10.05 15:00:00,5.59,5.67,5.66,5.55,137774,4773,5.622
2004.10.06 09:30:00,5.64,5.71,5.68,5.64,61033,2654,5.67742857
2004.10.06 10:00:00,5.68,5.71,5.69,5.67,84175,3994,5.69414286
2004.10.06 11:00:00,5.69,5.71,5.69,5.67,45661,2104,5.68871429
2004.10.06 12:00:00,5.69,5.71,5.69,5.69,32767,1629,5.69757143
2004.10.06 13:00:00,5.69,5.71,5.69,5.68,37100,1263,5.69428571
2004.10.06 14:00:00,5.69,5.71,5.7,5.69,35574,1836,5.70114286
2004.10.06 15:00:00,5.7,5.82,5.8,5.7,207739,7915,5.753
2004.10.07 09:30:00,5.8,5.85,5.78,5.78,85337,3407,5.81128571
2004.10.07 10:00:00,5.78,5.78,5.77,5.75,107933,4129,5.76671429
2004.10.07 11:00:00,5.77,5.78,5.73,5.72,52493,2352,5.74871429
2004.10.07 12:00:00,5.73,5.74,5.71,5.68,49049,2310,5.70685714
2004.10.07 13:00:00,5.71,5.74,5.71,5.7,44051,1723,5.72128571
2004.10.07 14:00:00,5.71,5.73,5.7,5.69,48937,2133,5.70828571
2004.10.07 15:00:00,5.7,5.7,5.66,5.64,126259,4635,5.66357143
2004.10.08 09:30:00,5.65,5.68,5.66,5.65,66178,2374,5.66657143
2004.10.08 10:00:00,5.66,5.66,5.57,5.56,88445,4035,5.61485714
2004.10.08 11:00:00,5.57,5.6,5.59,5.56,46312,2402,5.58057143
2004.10.08 12:00:00,5.59,5.63,5.62,5.58,40159,1678,5.599
2004.10.08 13:00:00,5.62,5.65,5.6,5.6,46060,2079,5.62157143
2004.10.08 14:00:00,5.61,5.61,5.56,5.55,73619,2863,5.57457143
2004.10.08 15:00:00,5.56,5.59,5.58,5.55,68551,2790,5.56942857
2004.10.11 09:30:00,5.54,5.56,5.47,5.46,68362,3048,5.51157143
2004.10.11 10:00:00,5.47,5.51,5.48,5.46,84637,3464,5.48328571
2004.10.11 11:00:00,5.48,5.52,5.52,5.47,47404,1856,5.49371429
2004.10.11 12:00:00,5.52,5.53,5.51,5.5,26544,1167,5.511
2004.10.11 13:00:00,5.51,5.51,5.51,5.5,27559,954,5.50457143
2004.10.11 14:00:00,5.51,5.54,5.51,5.5,48069,1686,5.51785714
2004.10.11 15:00:00,5.51,5.53,5.52,5.5,65814,2781,5.51428571
2004.10.12 09:30:00,5.49,5.5,5.41,5.4,78421,2865,5.44328571
2004.10.12 10:00:00,5.41,5.45,5.44,5.38,84175,3649,5.41842857
2004.10.12 11:00:00,5.44,5.51,5.49,5.44,71190,2782,5.47442857
2004.10.12 12:00:00,5.49,5.5,5.48,5.47,59703,2015,5.485
2004.10.12 13:00:00,5.48,5.51,5.49,5.48,58597,1817,5.49485714
2004.10.12 14:00:00,5.49,5.49,5.49,5.47,53501,2255,5.48114286
2004.10.12 15:00:00,5.49,5.5,5.48,5.46,131131,3432,5.48357143
2004.10.13 09:30:00,5.55,5.66,5.63,5.54,174944,4752,5.59342857
2004.10.13 10:00:00,5.63,5.63,5.57,5.56,151592,4168,5.58485714
2004.10.13 11:00:00,5.57,5.59,5.57,5.54,101703,3215,5.55942857
2004.10.13 12:00:00,5.57,5.58,5.57,5.56,65023,1735,5.57142857
2004.10.13 13:00:00,5.57,5.59,5.55,5.53,91203,2987,5.56528571
2004.10.13 14:00:00,5.55,5.59,5.59,5.54,86044,3364,5.56371429
2004.10.13 15:00:00,5.59,5.68,5.67,5.57,261429,9889,5.63085714
2004.10.14 09:30:00,6.15,6.18,6.09,6.08,565075,15337,6.13271429
2004.10.14 10:00:00,6.09,6.34,6.3,6.09,711522,25685,6.22285714
2004.10.14 11:00:00,6.3,6.43,6.37,6.29,549234,21611,6.37114286
2004.10.14 12:00:00,6.37,6.42,6.41,6.3,205870,8593,6.38514286
2004.10.14 13:00:00,6.4,6.52,6.51,6.4,339213,13833,6.46028571
2004.10.14 14:00:00,6.51,6.54,6.48,6.43,326760,12769,6.47285714
2004.10.14 15:00:00,6.48,6.5,6.42,6.4,479493,15824,6.44371429
2004.10.15 09:30:00,6.42,6.43,6.32,6.32,197442,7856,6.365
2004.10.15 10:00:00,6.32,6.47,6.43,6.29,271138,10950,6.39857143
2004.10.15 11:00:00,6.43,6.43,6.41,6.35,115024,4772,6.39371429
2004.10.15 12:00:00,6.41,6.49,6.48,6.4,120918,4996,6.448
2004.10.15 13:00:00,6.48,6.49,6.46,6.43,131404,5604,6.46428571
2004.10.15 14:00:00,6.46,6.46,6.44,6.4,140434,4716,6.43485714
2004.10.15 15:00:00,6.44,6.52,6.51,6.42,235466,8729,6.46942857
2004.10.18 09:30:00,6.39,6.44,6.44,6.29,200375,4633,6.41471429
2004.10.18 10:00:00,6.44,6.51,6.47,6.42,222866,8464,6.45928571
2004.10.18 11:00:00,6.47,6.55,6.52,6.46,181426,7249,6.49971429
2004.10.18 12:00:00,6.52,6.61,6.58,6.51,163198,6758,6.56914286
2004.10.18 13:00:00,6.59,6.66,6.63,6.58,135940,5235,6.633
2004.10.18 14:00:00,6.62,6.7,6.7,6.61,161217,5022,6.64457143
2004.10.18 15:00:00,6.7,6.82,6.82,6.69,354438,12073,6.74471429
2004.10.19 09:30:00,6.87,6.89,6.81,6.8,135891,6183,6.83614286
2004.10.19 10:00:00,6.81,6.91,6.85,6.81,202209,8549,6.86128571
2004.10.19 11:00:00,6.86,6.88,6.86,6.79,132853,6139,6.84785714
2004.10.19 12:00:00,6.85,6.89,6.84,6.81,102074,4165,6.85342857
2004.10.19 13:00:00,6.84,6.9,6.87,6.82,99869,4546,6.87114286
2004.10.19 14:00:00,6.87,6.87,6.79,6.78,142534,5935,6.816
2004.10.19 15:00:00,6.79,6.82,6.77,6.76,143710,6285,6.78685714
2004.10.20 09:30:00,6.75,6.79,6.79,6.72,77637,3277,6.76228571
2004.10.20 10:00:00,6.79,6.8,6.72,6.66,133294,6329,6.72442857
2004.10.20 11:00:00,6.72,6.78,6.74,6.69,112357,4739,6.74671429
2004.10.20 12:00:00,6.74,6.76,6.74,6.69,79471,3083,6.731
2004.10.20 13:00:00,6.74,6.75,6.69,6.69,60865,2343,6.72071429
2004.10.20 14:00:00,6.69,6.76,6.73,6.69,82502,3648,6.72557143
2004.10.20 15:00:00,6.74,6.79,6.78,6.74,116459,5017,6.77
2004.10.21 09:30:00,6.8,6.88,6.85,6.76,117915,4405,6.82257143
2004.10.21 10:00:00,6.85,6.87,6.84,6.8,97874,4878,6.82971429
2004.10.21 11:00:00,6.84,6.85,6.84,6.82,57561,2648,6.83485714
2004.10.21 12:00:00,6.84,6.86,6.83,6.81,88431,4143,6.83928571
2004.10.21 13:00:00,6.83,6.84,6.82,6.82,43057,2648,6.83042857
2004.10.21 14:00:00,6.82,6.85,6.85,6.82,64309,3359,6.83571429
2004.10.21 15:00:00,6.84,6.86,6.84,6.82,272986,5745,6.83971429
2004.10.22 09:30:00,6.77,6.81,6.74,6.73,137977,3722,6.75828571
2004.10.22 10:00:00,6.74,6.78,6.76,6.72,112840,4227,6.74571429
2004.10.22 11:00:00,6.76,6.79,6.76,6.76,52808,2219,6.77628571
2004.10.22 12:00:00,6.76,6.8,6.78,6.75,58730,1672,6.78614286
2004.10.22 13:00:00,6.78,6.81,6.78,6.77,54418,2245,6.78271429
2004.10.22 14:00:00,6.78,6.79,6.77,6.76,65009,2467,6.77485714
2004.10.22 15:00:00,6.77,6.79,6.78,6.74,92547,3533,6.77585714
2004.10.25 09:30:00,6.74,6.83,6.76,6.72,101521,4117,6.77714286
2004.10.25 10:00:00,6.76,6.81,6.79,6.76,98819,4669,6.79357143
2004.10.25 11:00:00,6.78,6.79,6.75,6.74,58380,2888,6.77057143
2004.10.25 12:00:00,6.75,6.78,6.76,6.74,48524,2090,6.75585714
2004.10.25 13:00:00,6.76,6.81,6.77,6.76,65975,2356,6.781
2004.10.25 14:00:00,6.77,6.79,6.77,6.74,47922,2308,6.76428571
2004.10.25 15:00:00,6.77,6.79,6.79,6.76,51415,2286,6.77414286
2004.10.26 09:30:00,6.79,6.85,6.76,6.76,54481,2362,6.799
2004.10.26 10:00:00,6.77,6.82,6.76,6.75,83979,3748,6.77485714
2004.10.26 11:00:00,6.76,6.77,6.76,6.71,58625,3005,6.73914286
2004.10.26 12:00:00,6.76,6.81,6.79,6.75,70854,2962,6.78342857
2004.10.26 13:00:00,6.79,6.84,6.79,6.78,125923,4513,6.80671429
2004.10.26 14:00:00,6.79,6.81,6.8,6.78,123578,3557,6.79971429
2004.10.26 15:00:00,6.8,6.86,6.84,6.78,161819,4102,6.811
2004.10.27 09:30:00,6.95,6.98,6.89,6.88,148281,4830,6.92185714
2004.10.27 10:00:00,6.89,7,7,6.89,225589,7953,6.963
2004.10.27 11:00:00,7,7.14,7.08,6.98,268380,10008,7.05642857
2004.10.27 12:00:00,7.08,7.14,7.1,7.07,112959,4363,7.11271429
2004.10.27 13:00:00,7.1,7.14,7.14,7.1,109606,3874,7.11971429
2004.10.27 14:00:00,7.14,7.16,7.15,7.12,256130,7267,7.14228571
2004.10.27 15:00:00,7.15,7.23,7.19,7.14,254205,10610,7.193
2004.10.28 09:30:00,7.13,7.2,7.2,7.07,121884,5129,7.13671429
2004.10.28 10:00:00,7.2,7.23,7.18,7.14,147028,6791,7.186
2004.10.28 11:00:00,7.18,7.26,7.24,7.17,126364,5155,7.21242857
2004.10.28 12:00:00,7.24,7.27,7.27,7.22,97377,3863,7.24842857
2004.10.28 13:00:00,7.27,7.38,7.34,7.26,160356,7019,7.325
2004.10.28 14:00:00,7.34,7.43,7.4,7.33,190330,8856,7.39385714
2004.10.28 15:00:00,7.4,7.46,7.44,7.38,198681,8936,7.416
2004.10.29 09:30:00,7.41,7.59,7.59,7.38,190127,7747,7.51628571
2004.10.29 10:00:00,7.59,7.6,7.57,7.48,269808,11589,7.54928571
2004.10.29 11:00:00,7.57,7.57,7.55,7.5,123928,5880,7.546
2004.10.29 12:00:00,7.55,7.56,7.51,7.49,95375,3351,7.51557143
2004.10.29 13:00:00,7.51,7.56,7.53,7.5,67543,3472,7.53114286
2004.10.29 14:00:00,7.53,7.53,7.52,7.5,64197,2964,7.51528571
2004.10.29 15:00:00,7.52,7.56,7.49,7.48,154077,6361,7.52342857
2004.11.01 09:30:00,7.5,7.61,7.51,7.47,115311,5624,7.54885714
2004.11.01 10:00:00,7.51,7.55,7.55,7.46,130578,6262,7.50914286
2004.11.01 11:00:00,7.55,7.56,7.54,7.51,86695,3706,7.542
2004.11.01 12:00:00,7.54,7.55,7.51,7.5,54082,2574,7.52442857
2004.11.01 13:00:00,7.51,7.52,7.52,7.49,59731,2608,7.50557143
2004.11.01 14:00:00,7.51,7.52,7.48,7.43,125531,5259,7.48057143
2004.11.01 15:00:00,7.48,7.52,7.49,7.46,126938,5028,7.491
2004.11.02 09:30:00,7.49,7.54,7.51,7.47,106974,3821,7.51042857
2004.11.02 10:00:00,7.52,7.57,7.57,7.51,155071,6063,7.54442857
2004.11.02 11:00:00,7.57,7.58,7.57,7.56,75859,3230,7.57
2004.11.02 12:00:00,7.57,7.61,7.58,7.56,90615,3509,7.58071429
2004.11.02 13:00:00,7.58,7.67,7.64,7.58,105840,4635,7.62314286
2004.11.02 14:00:00,7.64,7.73,7.68,7.62,151424,7240,7.683
2004.11.02 15:00:00,7.68,7.7,7.63,7.5,178668,8870,7.63685714
2004.11.03 09:30:00,7.77,7.82,7.78,7.76,162638,6852,7.78985714
2004.11.03 10:00:00,7.78,7.85,7.79,7.71,209888,10471,7.78385714
2004.11.03 11:00:00,7.79,7.91,7.86,7.76,204680,8881,7.85714286
2004.11.03 12:00:00,7.86,8.02,7.98,7.86,217035,9241,7.93942857
2004.11.03 13:00:00,7.99,8,7.88,7.87,242424,8884,7.92685714
2004.11.03 14:00:00,7.89,7.9,7.9,7.83,137781,6986,7.87214286
2004.11.03 15:00:00,7.9,7.92,7.9,7.84,183617,8142,7.89
2004.11.04 09:30:00,7.87,7.94,7.91,7.84,160391,7045,7.89471429
2004.11.04 10:00:00,7.91,7.93,7.82,7.77,247205,9590,7.83957143
2004.11.04 11:00:00,7.82,7.91,7.86,7.8,168931,6254,7.862
2004.11.04 12:00:00,7.85,7.9,7.84,7.83,81851,3406,7.86214286
2004.11.04 13:00:00,7.84,7.91,7.89,7.81,70959,3413,7.85628571
2004.11.04 14:00:00,7.89,7.92,7.89,7.88,88137,3330,7.89557143
2004.11.04 15:00:00,7.89,7.9,7.78,7.78,277508,8900,7.84757143
2004.11.05 09:30:00,7.85,7.86,7.76,7.46,191296,9426,7.74985714
2004.11.05 10:00:00,7.76,7.78,7.68,7.67,228375,11512,7.71057143
2004.11.05 11:00:00,7.68,7.69,7.47,7.46,370174,17511,7.55542857
2004.11.05 12:00:00,7.47,7.69,7.59,7.43,181293,8740,7.51314286
2004.11.05 13:00:00,7.59,7.62,7.6,7.5,105245,4465,7.596
2004.11.05 14:00:00,7.59,7.73,7.71,7.59,167720,6661,7.66671429
2004.11.05 15:00:00,7.71,7.82,7.81,7.71,213206,9021,7.769
2004.11.08 09:30:00,7.78,7.92,7.84,7.75,105609,5266,7.863
2004.11.08 10:00:00,7.84,7.88,7.86,7.78,99540,5747,7.83814286
2004.11.08 11:00:00,7.86,7.9,7.88,7.82,84525,4247,7.86628571
2004.11.08 12:00:00,7.88,7.91,7.88,7.85,70056,3042,7.87914286
2004.11.08 13:00:00,7.88,7.88,7.85,7.83,49434,2316,7.85871429
2004.11.08 14:00:00,7.85,7.87,7.86,7.82,52248,2669,7.83985714
2004.11.08 15:00:00,7.86,7.86,7.76,7.69,166236,8285,7.76371429
2004.11.09 09:30:00,7.76,7.78,7.71,7.7,96628,4858,7.74628571
2004.11.09 10:00:00,7.71,7.72,7.67,7.63,135996,6891,7.67242857
2004.11.09 11:00:00,7.67,7.71,7.68,7.66,56119,3397,7.68428571
2004.11.09 12:00:00,7.69,7.73,7.7,7.68,53991,2879,7.70657143
2004.11.09 13:00:00,7.7,7.74,7.74,7.69,57736,3172,7.72171429
2004.11.09 14:00:00,7.74,7.79,7.74,7.73,69797,4390,7.76214286
2004.11.09 15:00:00,7.74,7.77,7.72,7.71,77994,3827,7.737
2004.11.10 09:30:00,7.71,7.78,7.75,7.7,72387,3293,7.74028571
2004.11.10 10:00:00,7.75,7.84,7.83,7.73,121415,5943,7.79628571
2004.11.10 11:00:00,7.82,7.83,7.82,7.76,48993,2651,7.79828571
2004.11.10 12:00:00,7.81,7.84,7.83,7.79,33488,1550,7.81114286
2004.11.10 13:00:00,7.83,7.84,7.84,7.79,36358,1976,7.81628571
2004.11.10 14:00:00,7.84,7.91,7.89,7.84,132041,7267,7.878
2004.11.10 15:00:00,7.89,7.91,7.82,7.78,157780,8665,7.83314286
2004.11.11 09:30:00,7.86,7.86,7.77,7.75,59521,3305,7.821
2004.11.11 10:00:00,7.77,7.91,7.88,7.76,134022,7208,7.84257143
2004.11.11 11:00:00,7.88,7.9,7.87,7.82,69083,3323,7.853
2004.11.11 12:00:00,7.87,7.88,7.85,7.83,31906,1815,7.85942857
2004.11.11 13:00:00,7.85,7.89,7.89,7.84,30086,1429,7.86428571
2004.11.11 14:00:00,7.88,7.91,7.88,7.86,63945,3379,7.88928571
2004.11.11 15:00:00,7.88,7.92,7.91,7.86,89075,4380,7.89757143
2004.11.12 09:30:00,7.86,7.91,7.89,7.83,61635,2977,7.87214286
2004.11.12 10:00:00,7.9,7.96,7.9,7.87,123256,5198,7.91271429
2004.11.12 11:00:00,7.9,7.91,7.87,7.86,51499,2364,7.88857143
2004.11.12 12:00:00,7.87,7.9,7.89,7.86,29554,1464,7.89071429
2004.11.12 13:00:00,7.89,7.92,7.91,7.87,66409,1903,7.90571429
2004.11.12 14:00:00,7.91,7.92,7.9,7.89,68992,2901,7.91114286
2004.11.12 15:00:00,7.9,7.93,7.92,7.89,57127,3082,7.91085714
2004.11.15 09:30:00,7.87,7.92,7.91,7.82,73668,4004,7.87014286
2004.11.15 10:00:00,7.91,8,7.85,7.84,112819,5139,7.86642857
2004.11.15 11:00:00,7.85,7.85,7.82,7.76,81060,3854,7.813
2004.11.15 12:00:00,7.82,7.87,7.86,7.8,46991,2526,7.83257143
2004.11.15 13:00:00,7.86,7.86,7.83,7.82,33565,1477,7.84228571
2004.11.15 14:00:00,7.83,7.86,7.84,7.82,35182,1664,7.84142857
2004.11.15 15:00:00,7.84,7.89,7.89,7.84,61712,3104,7.86128571
2004.11.16 09:30:00,7.89,7.89,7.82,7.8,50890,2934,7.84042857
2004.11.16 10:00:00,7.83,7.83,7.8,7.78,62727,3345,7.80242857
2004.11.16 11:00:00,7.81,7.86,7.82,7.8,59640,2441,7.84142857
2004.11.16 12:00:00,7.82,7.83,7.82,7.79,31689,1739,7.81385714
2004.11.16 13:00:00,7.81,7.84,7.82,7.79,41104,1935,7.80928571
2004.11.16 14:00:00,7.82,7.83,7.82,7.81,45710,1722,7.82542857
2004.11.16 15:00:00,7.82,7.85,7.85,7.82,55237,2745,7.83914286
2004.11.17 09:30:00,7.89,7.92,7.85,7.84,60109,3107,7.88385714
2004.11.17 10:00:00,7.85,7.92,7.89,7.84,99799,4886,7.88328571
2004.11.17 11:00:00,7.89,7.92,7.91,7.88,59080,2511,7.90271429
2004.11.17 12:00:00,7.91,7.92,7.9,7.89,41048,1748,7.903
2004.11.17 13:00:00,7.9,7.91,7.84,7.84,45605,2162,7.87771429
2004.11.17 14:00:00,7.84,7.84,7.83,7.75,95557,4873,7.79642857
2004.11.17 15:00:00,7.84,7.86,7.84,7.77,72548,3842,7.82242857
2004.11.18 09:30:00,7.76,7.9,7.86,7.76,96544,3696,7.84757143
2004.11.18 10:00:00,7.86,7.92,7.9,7.85,151326,6239,7.89685714
2004.11.18 11:00:00,7.9,7.92,7.9,7.88,80913,3018,7.90385714
2004.11.18 12:00:00,7.9,7.91,7.89,7.88,34601,1859,7.89771429
2004.11.18 13:00:00,7.89,7.92,7.91,7.87,49455,2429,7.896
2004.11.18 14:00:00,7.91,7.92,7.9,7.89,40908,2192,7.90371429
2004.11.18 15:00:00,7.9,7.92,7.91,7.9,94570,3440,7.90628571
2004.11.19 09:30:00,7.91,7.94,7.94,7.86,92400,3768,7.90814286
2004.11.19 10:00:00,7.94,8.13,7.86,7.79,411768,21485,7.96728571
2004.11.19 11:00:00,7.85,7.97,7.94,7.85,107324,6493,7.91771429
2004.11.19 12:00:00,7.94,8,7.87,7.85,54803,2808,7.88885714
2004.11.19 13:00:00,7.87,7.96,7.92,7.87,38038,2210,7.91157143
2004.11.19 14:00:00,7.92,7.93,7.9,7.87,52423,2831,7.89514286
2004.11.19 15:00:00,7.9,7.92,7.88,7.85,155848,5583,7.88071429
2004.11.22 09:30:00,8.29,8.76,8.74,8.27,655410,31516,8.50357143
2004.11.22 10:00:00,8.74,9.14,8.83,8.74,896553,47494,8.87614286
2004.11.22 11:00:00,8.83,8.83,8.75,8.69,334418,18019,8.75342857
2004.11.22 12:00:00,8.75,8.76,8.71,8.58,261646,12914,8.67971429
2004.11.22 13:00:00,8.71,8.79,8.73,8.7,212296,11182,8.75771429
2004.11.22 14:00:00,8.73,8.83,8.78,8.7,230692,11220,8.76128571
2004.11.22 15:00:00,8.78,8.82,8.76,8.69,454699,20617,8.77371429
2004.11.23 09:30:00,8.9,8.93,8.75,8.73,256802,11407,8.83757143
2004.11.23 10:00:00,8.75,9.22,8.77,8.72,243831,13355,8.80285714
2004.11.23 11:00:00,8.77,8.84,8.81,8.75,118293,4940,8.793
2004.11.23 12:00:00,8.82,8.82,8.8,8.77,87808,3717,8.80471429
2004.11.23 13:00:00,8.8,8.8,8.77,8.74,98007,3627,8.77385714
2004.11.23 14:00:00,8.77,8.81,8.8,8.77,92421,4106,8.794
2004.11.23 15:00:00,8.8,8.81,8.75,8.75,142394,5996,8.774
2004.11.24 09:30:00,8.81,8.86,8.81,8.79,134946,5801,8.82685714
2004.11.24 10:00:00,8.82,9.06,9,8.81,359639,16772,8.94885714
2004.11.24 11:00:00,8.99,9.05,9.03,8.94,196490,9902,9.001
2004.11.24 12:00:00,9.03,9.04,9.03,8.99,91434,4171,9.01871429
2004.11.24 13:00:00,9.03,9.06,9.04,9.01,80983,4511,9.03628571
2004.11.24 14:00:00,9.04,9.31,9.2,9.04,450562,24101,9.19914286
2004.11.24 15:00:00,9.2,9.24,9.14,9.1,360346,17285,9.16428571
2004.11.26 09:30:00,9.35,9.39,9.26,9.22,239400,10308,9.30928571
2004.11.26 10:00:00,9.28,9.29,9.25,9.19,174195,8033,9.24328571
2004.11.26 11:00:00,9.25,9.27,9.23,9.22,87731,3974,9.24557143
2004.11.26 12:00:00,9.23,9.28,9.23,9.22,99393,4317,9.236
2004.11.29 09:30:00,9.86,9.94,9.79,9.76,567532,28820,9.83914286
2004.11.29 10:00:00,9.79,9.84,9.77,9.73,350455,18418,9.78457143
2004.11.29 11:00:00,9.77,9.77,9.66,9.63,299796,15363,9.68757143
2004.11.29 12:00:00,9.66,9.76,9.74,9.64,150346,7720,9.69985714
2004.11.29 13:00:00,9.74,9.82,9.8,9.73,175399,8231,9.77585714
2004.11.29 14:00:00,9.8,9.82,9.79,9.75,171682,8336,9.79514286
2004.11.29 15:00:00,9.79,9.84,9.78,9.77,263326,11355,9.8
2004.11.30 09:30:00,9.82,9.83,9.76,9.65,218645,11124,9.742
2004.11.30 10:00:00,9.76,9.78,9.64,9.62,241325,13702,9.67742857
2004.11.30 11:00:00,9.64,9.75,9.71,9.6,192486,9672,9.67285714
2004.11.30 12:00:00,9.71,9.77,9.77,9.7,138299,5806,9.72914286
2004.11.30 13:00:00,9.77,9.81,9.7,9.69,87906,4210,9.72885714
2004.11.30 14:00:00,9.7,9.73,9.69,9.68,59563,3266,9.70185714
2004.11.30 15:00:00,9.69,9.73,9.61,9.61,167279,8213,9.66814286
2004.12.01 09:30:00,9.68,9.71,9.6,9.47,248087,14731,9.58457143
2004.12.01 10:00:00,9.6,9.68,9.55,9.5,199290,11483,9.55957143
2004.12.01 11:00:00,9.55,9.63,9.6,9.54,112406,5380,9.59171429
2004.12.01 12:00:00,9.6,9.77,9.62,9.56,73164,3778,9.607
2004.12.01 13:00:00,9.62,9.94,9.61,9.6,69503,3308,9.64514286
2004.12.01 14:00:00,9.61,9.62,9.61,9.58,53445,3115,9.60128571
2004.12.01 15:00:00,9.61,9.68,9.68,9.59,201488,8293,9.64585714
2004.12.02 09:30:00,9.46,9.56,9.5,9.4,221718,11535,9.47714286
2004.12.02 10:00:00,9.5,9.52,9.49,9.43,225197,10596,9.47871429
2004.12.02 11:00:00,9.49,9.55,9.45,9.44,139678,6292,9.49757143
2004.12.02 12:00:00,9.45,9.46,9.38,9.37,119840,6015,9.41828571
2004.12.02 13:00:00,9.38,9.42,9.35,9.3,153384,7639,9.352
2004.12.02 14:00:00,9.35,9.37,9.34,9.32,97636,4964,9.34328571
2004.12.02 15:00:00,9.34,9.35,9.31,9.14,208201,10467,9.28514286
2004.12.03 09:30:00,9.22,9.29,9.21,9.17,192605,9697,9.22785714
2004.12.03 10:00:00,9.21,9.23,8.95,8.82,700770,35483,8.97528571
2004.12.03 11:00:00,8.95,9,8.95,8.89,174062,9620,8.95442857
2004.12.03 12:00:00,8.95,9,8.95,8.94,91686,4327,8.97214286
2004.12.03 13:00:00,8.94,8.99,8.94,8.91,74207,3253,8.95442857
2004.12.03 14:00:00,8.94,8.97,8.9,8.89,95137,4918,8.92971429
2004.12.03 15:00:00,8.91,9,8.96,8.9,160006,8492,8.94942857
2004.12.06 09:30:00,9.19,9.24,9.12,9.08,279195,13980,9.163
2004.12.06 10:00:00,9.13,9.15,9.03,8.99,253673,13202,9.086
2004.12.06 11:00:00,9.03,9.13,9.1,9,137711,6090,9.07042857
2004.12.06 12:00:00,9.1,9.15,9.14,9.06,122577,4652,9.11442857
2004.12.06 13:00:00,9.14,9.21,9.21,9.14,123284,5186,9.17528571
2004.12.06 14:00:00,9.21,9.42,9.42,9.21,272188,13098,9.31914286
2004.12.06 15:00:00,9.42,9.46,9.4,9.34,278488,14546,9.40371429
2004.12.07 09:30:00,9.41,9.54,9.34,9.23,169155,8745,9.31257143
2004.12.07 10:00:00,9.34,9.53,9.36,9.31,268072,12803,9.42285714
2004.12.07 11:00:00,9.36,9.39,9.33,9.3,80717,4065,9.34085714
2004.12.07 12:00:00,9.32,9.36,9.27,9.25,90902,4703,9.30585714
2004.12.07 13:00:00,9.26,9.27,9.19,9.15,178080,8593,9.19914286
2004.12.07 14:00:00,9.2,9.23,9.05,9.03,179445,10148,9.11428571
2004.12.07 15:00:00,9.06,9.07,8.97,8.94,226240,11990,9.00185714
2004.12.08 09:30:00,9.01,9.04,8.98,8.86,158935,9089,8.95642857
2004.12.08 10:00:00,8.98,9.42,9.1,8.93,239113,14404,9.09428571
2004.12.08 11:00:00,9.1,9.2,9.15,9.06,97048,5915,9.13485714
2004.12.08 12:00:00,9.16,9.18,9.16,9.01,66584,3998,9.15357143
2004.12.08 13:00:00,9.16,9.17,9.1,9.04,73416,4181,9.104
2004.12.08 14:00:00,9.1,9.11,9.02,9.02,80640,4354,9.04957143
2004.12.08 15:00:00,9.02,9.05,9.04,8.98,109739,5874,9.02228571
2004.12.09 09:30:00,8.96,8.98,8.96,8.87,119882,6482,8.92342857
2004.12.09 10:00:00,8.96,8.99,8.99,8.88,175189,10532,8.93542857
2004.12.09 11:00:00,8.99,8.99,8.94,8.91,71064,3933,8.94414286
2004.12.09 12:00:00,8.94,8.98,8.96,8.91,64925,3388,8.95514286
2004.12.09 13:00:00,8.96,9.1,9.04,8.94,159341,9489,9.03214286
2004.12.09 14:00:00,9.04,9.12,9.11,8.97,89432,5310,9.03342857
2004.12.09 15:00:00,9.11,9.2,9.14,8.96,211092,12204,9.14828571
2004.12.10 09:30:00,9.29,9.44,9.39,9.24,272356,14089,9.35571429
2004.12.10 10:00:00,9.39,9.41,9.31,9.29,207410,12747,9.34542857
2004.12.10 11:00:00,9.31,9.39,9.33,9.31,115850,6274,9.35442857
2004.12.10 12:00:00,9.33,9.37,9.36,9.32,53865,3292,9.34371429
2004.12.10 13:00:00,9.36,9.36,9.34,9.31,85008,4677,9.34285714
2004.12.10 14:00:00,9.34,9.35,9.29,9.26,99134,5539,9.30185714
2004.12.10 15:00:00,9.29,9.32,9.31,9.28,91462,4585,9.29542857
2004.12.13 09:30:00,9.39,9.41,9.33,9.29,94486,4824,9.34957143
2004.12.13 10:00:00,9.33,9.35,9.26,9.25,99841,5819,9.29514286
2004.12.13 11:00:00,9.26,9.28,9.27,9.23,71785,4165,9.25057143
2004.12.13 12:00:00,9.27,9.3,9.28,9.26,37261,1856,9.276
2004.12.13 13:00:00,9.28,9.3,9.28,9.26,31346,1823,9.28285714
2004.12.13 14:00:00,9.28,9.31,9.29,9.26,61768,3448,9.28771429
2004.12.13 15:00:00,9.29,9.3,9.27,9.25,68502,3464,9.27485714
2004.12.14 09:30:00,9.33,9.35,9.31,9.3,52633,2747,9.326
2004.12.14 10:00:00,9.32,9.41,9.38,9.29,143318,7558,9.36728571
2004.12.14 11:00:00,9.38,9.39,9.32,9.32,48713,2521,9.35628571
2004.12.14 12:00:00,9.33,9.36,9.34,9.32,45395,2256,9.34114286
2004.12.14 13:00:00,9.34,9.35,9.35,9.33,20762,1258,9.34371429
2004.12.14 14:00:00,9.35,9.4,9.34,9.32,101948,6254,9.35142857
2004.12.14 15:00:00,9.34,9.36,9.32,9.29,85071,4689,9.32914286
2004.12.15 09:30:00,9.34,9.35,9.3,9.27,68992,3977,9.314
2004.12.15 10:00:00,9.3,9.34,9.27,9.24,115521,6133,9.29257143
2004.12.15 11:00:00,9.27,9.3,9.28,9.25,88557,3776,9.266
2004.12.15 12:00:00,9.28,9.3,9.29,9.27,49847,2506,9.288
2004.12.15 13:00:00,9.29,9.31,9.29,9.28,39151,2394,9.293
2004.12.15 14:00:00,9.29,9.3,9.29,9.28,31857,2065,9.28957143
2004.12.15 15:00:00,9.29,9.34,9.32,9.29,80290,4410,9.31914286
2004.12.16 09:30:00,9.46,9.63,9.49,9.44,290045,12775,9.53485714
2004.12.16 10:00:00,9.49,9.52,9.52,9.44,211939,9645,9.48142857
2004.12.16 11:00:00,9.52,9.59,9.55,9.49,147840,7883,9.55
2004.12.16 12:00:00,9.55,9.64,9.63,9.55,147735,7517,9.60457143
2004.12.16 13:00:00,9.62,9.63,9.57,9.54,107905,5178,9.58785714
2004.12.16 14:00:00,9.57,9.61,9.54,9.51,169106,8567,9.55628571
2004.12.16 15:00:00,9.54,9.58,9.51,9.5,153118,8218,9.54442857
2004.12.17 09:30:00,9.55,9.58,9.46,9.45,158424,5860,9.52185714
2004.12.17 10:00:00,9.46,9.5,9.37,9.36,126119,7766,9.42585714
2004.12.17 11:00:00,9.37,9.37,9.31,9.28,142653,7998,9.32657143
2004.12.17 12:00:00,9.31,9.36,9.32,9.29,87689,3983,9.32614286
2004.12.17 13:00:00,9.32,9.34,9.32,9.3,40411,2237,9.31828571
2004.12.17 14:00:00,9.32,9.33,9.31,9.3,78722,3227,9.31728571
2004.12.17 15:00:00,9.31,9.31,9.28,9.27,212044,5932,9.286
2004.12.20 09:30:00,9.36,9.43,9.34,9.32,143416,7033,9.38142857
2004.12.20 10:00:00,9.34,9.37,9.1,9.06,290535,16207,9.19328571
2004.12.20 11:00:00,9.1,9.14,9.05,9.02,165221,8994,9.08257143
2004.12.20 12:00:00,9.04,9.08,9.05,9.02,89845,5110,9.04642857
2004.12.20 13:00:00,9.05,9.09,8.96,8.95,139181,7137,9.01714286
2004.12.20 14:00:00,8.96,8.99,8.91,8.9,184772,8939,8.94542857
2004.12.20 15:00:00,8.91,8.98,8.95,8.82,381969,15583,8.90485714
2004.12.21 09:30:00,9.07,9.09,8.93,8.8,292957,12969,8.91442857
2004.12.21 10:00:00,8.93,9.05,9.01,8.89,269927,12144,8.98285714
2004.12.21 11:00:00,9.01,9.05,9.03,8.98,134575,6261,9.02314286
2004.12.21 12:00:00,9.03,9.04,9.02,8.93,161385,5520,8.98814286
2004.12.21 13:00:00,9.02,9.06,9.01,8.99,111335,5459,9.02771429
2004.12.21 14:00:00,9.01,9.02,8.99,8.98,74956,3587,8.99914286
2004.12.21 15:00:00,8.98,9.11,9.09,8.98,229754,7786,9.02871429
2004.12.22 09:30:00,9.17,9.19,9.11,9.07,133056,6322,9.138
2004.12.22 10:00:00,9.11,9.19,9.17,9.06,141946,6381,9.14157143
2004.12.22 11:00:00,9.17,9.17,9.15,9.14,75950,3425,9.15042857
2004.12.22 12:00:00,9.15,9.16,9.15,9.1,62132,2585,9.13442857
2004.12.22 13:00:00,9.15,9.15,9.08,9.07,87542,3424,9.11314286
2004.12.22 14:00:00,9.08,9.12,9.1,9.07,69573,3394,9.09614286
2004.12.22 15:00:00,9.1,9.12,9.1,9.09,115486,5084,9.10328571
2004.12.23 09:30:00,9.11,9.18,9.16,9.09,67795,3389,9.13528571
2004.12.23 10:00:00,9.16,9.18,9.14,9.12,65079,3780,9.151
2004.12.23 11:00:00,9.14,9.16,9.13,9.11,44919,1961,9.13428571
2004.12.23 12:00:00,9.13,9.14,9.13,9.12,16436,889,9.12842857
2004.12.23 13:00:00,9.13,9.16,9.15,9.12,36526,1543,9.14785714
2004.12.23 14:00:00,9.14,9.16,9.15,9.14,23282,1089,9.14971429
2004.12.23 15:00:00,9.15,9.16,9.14,9.14,40439,1856,9.15071429
2004.12.27 09:30:00,9.25,9.31,9.23,9.22,104825,4252,9.25814286
2004.12.27 10:00:00,9.23,9.23,9.15,9.15,125545,5739,9.17971429
2004.12.27 11:00:00,9.15,9.16,9.05,8.99,189427,9873,9.05028571
2004.12.27 12:00:00,9.05,9.08,9.04,9.04,48748,2311,9.05442857
2004.12.27 13:00:00,9.04,9.05,9.05,9.01,39907,1767,9.02214286
2004.12.27 14:00:00,9.05,9.06,9.05,9.02,48986,2743,9.04542857
2004.12.27 15:00:00,9.05,9.05,9.02,8.98,89418,4702,9.02242857
2004.12.28 09:30:00,9.04,9.05,8.92,8.91,88585,4413,8.97371429
2004.12.28 10:00:00,8.92,8.96,8.96,8.86,181601,9354,8.91928571
2004.12.28 11:00:00,8.96,8.97,8.95,8.93,72009,2512,8.94914286
2004.12.28 12:00:00,8.95,9.1,9.09,8.94,119084,5543,9.03971429
2004.12.28 13:00:00,9.09,9.15,9.14,9.07,79499,3461,9.10871429
2004.12.28 14:00:00,9.14,9.17,9.12,9.11,92484,3699,9.14585714
2004.12.28 15:00:00,9.12,9.18,9.18,9.12,102277,4005,9.14957143
2004.12.29 09:30:00,9.13,9.21,9.17,9.11,94815,4007,9.172
2004.12.29 10:00:00,9.17,9.28,9.18,9.16,136808,5878,9.22771429
2004.12.29 11:00:00,9.18,9.21,9.11,9.08,88956,4024,9.14342857
2004.12.29 12:00:00,9.11,9.16,9.12,9.1,49154,2498,9.13314286
2004.12.29 13:00:00,9.12,9.21,9.19,9.11,54838,2972,9.16885714
2004.12.29 14:00:00,9.18,9.19,9.17,9.13,43274,2230,9.16357143
2004.12.29 15:00:00,9.17,9.21,9.21,9.16,69545,3984,9.18557143
2004.12.30 09:30:00,9.26,9.29,9.22,9.2,77189,4054,9.25014286
2004.12.30 10:00:00,9.23,9.25,9.19,9.18,109732,5308,9.216
2004.12.30 11:00:00,9.19,9.23,9.22,9.17,47152,2731,9.19485714
2004.12.30 12:00:00,9.22,9.24,9.23,9.2,27839,1433,9.21957143
2004.12.30 13:00:00,9.22,9.25,9.24,9.21,27853,1647,9.22542857
2004.12.30 14:00:00,9.24,9.27,9.26,9.24,48237,2406,9.25257143
2004.12.30 15:00:00,9.26,9.28,9.26,9.24,65065,3534,9.25728571
2004.12.31 09:30:00,9.27,9.29,9.25,9.24,37443,2069,9.25842857
2004.12.31 10:00:00,9.25,9.27,9.24,9.21,50827,2965,9.23971429
2004.12.31 11:00:00,9.24,9.24,9.22,9.2,43001,1564,9.213
2004.12.31 12:00:00,9.21,9.24,9.2,9.15,47257,2580,9.19628571
2004.12.31 13:00:00,9.2,9.25,9.23,9.2,31465,1570,9.232
2004.12.31 14:00:00,9.23,9.26,9.24,9.23,32200,1648,9.24771429
2004.12.31 15:00:00,9.24,9.27,9.2,9.18,70553,3690,9.225

